mission;datetime;lat;lon;doc;acdom412
Dyphyma;2012-04-28T22:08;51.0042;1.19165;27.932016;0.1217
Dyphyma;2012-04-28T22:08;51.0042;1.19165;27.932016;0.1217
Guyane2010;2010-10-21T17:32;4.95755;-52.2201;35.993248;0.9036587
Guyane2010;2010-10-21T17:32;4.95755;-52.2201;35.993248;0.9036587
Moore_gulf_of_maine;2007-09-11T12:10;43.03317;-70.56865;48.419827;-999.99
Moore_gulf_of_maine;2007-09-11T12:10;43.03317;-70.56865;48.419827;-999.99
AMAZOMIX;2021-09-03T21:34;1.3425;-46.0243;48.686;-999.99
Guyane2010;2010-10-18T19:07;5.28518;-52.63717;50.06904;0.21435136
Guyane2010;2010-10-18T19:07;5.28518;-52.63717;50.06904;0.21435136
Guyane2010;2010-10-20T13:36;5.214;-52.59377;51.598167;0.27937302
Guyane2010;2010-10-20T13:36;5.214;-52.59377;51.598167;0.27937302
Dyphyma;2012-04-27T20:26;51.083;1.36013;51.8491;0.1283
Dyphyma;2012-04-27T20:26;51.083;1.36013;51.8491;0.1283
Guyane2010;2010-10-17T18:55;5.27732;-52.64027;51.872623;0.2961848
Guyane2010;2010-10-17T18:55;5.27732;-52.64027;51.872623;0.2961848
Guyane2010;2010-10-20T15:36;5.26968;-52.55632;51.951042;0.25281215
Guyane2010;2010-10-20T15:36;5.26968;-52.55632;51.951042;0.25281215
Guyane2010;2010-10-18T12:19;5.18585;-52.52258;53.048878;0.24400325
Guyane2010;2010-10-18T12:19;5.18585;-52.52258;53.048878;0.24400325
Dyphyma;2012-04-21T11:47;50.9911;1.45392;55.221016;0.1412
Dyphyma;2012-04-21T11:47;50.9911;1.45392;55.221016;0.1412
Dyphyma;2012-04-21T05:16;50.987;1.04258;56.514893;0.1579
Dyphyma;2012-04-21T05:16;50.987;1.04258;56.514893;0.1579
Guyane2010;2010-10-17T15:12;5.33677;-52.68803;57.16575;0.23012736
Guyane2010;2010-10-17T15:12;5.33677;-52.68803;57.16575;0.23012736
Dyphyma;2012-04-21T08:09;51.0098;1.2337;58.318474;0.1176
Dyphyma;2012-04-21T08:09;51.0098;1.2337;58.318474;0.1176
Moore_gulf_of_maine;2004-10-29T12:52;42.9943;-70.42183;60.373528;0.541515
Moore_gulf_of_maine;2004-10-29T12:52;42.9943;-70.42183;60.373528;0.541515
Guyane2010;2010-10-19T12:50;5.24055;-52.59;60.655293;0.23680599
Guyane2010;2010-10-19T12:50;5.24055;-52.59;60.655293;0.23680599
Guyane2010;2010-10-20T15:36;5.26968;-52.55632;61.282623;0.096726
Guyane2010;2010-10-20T15:36;5.26968;-52.55632;61.282623;0.096726
Guyane2010;2010-10-21T18:48;4.98442;-52.19847;61.59629;0.11002581
Guyane2010;2010-10-21T18:48;4.98442;-52.19847;61.59629;0.19122607
Guyane2010;2010-10-21T18:48;4.98442;-52.19847;61.59629;0.11002581
Guyane2010;2010-10-21T18:48;4.98442;-52.19847;61.59629;0.19122607
Guyane2010;2010-10-18T12:19;5.18585;-52.52258;61.59629;0.27421102
Guyane2010;2010-10-18T12:19;5.18585;-52.52258;61.59629;0.27421102
Guyane2010;2010-10-21T17:32;4.95755;-52.2201;62.34125;0.12695259
Guyane2010;2010-10-21T17:32;4.95755;-52.2201;62.34125;0.12695259
Guyane2010;2010-10-20T14:37;5.24232;-52.576;63.870373;0.9392781
Guyane2010;2010-10-20T14:37;5.24232;-52.576;63.870373;0.9392781
Guyane2010;2010-10-20T14:37;5.24232;-52.576;65.90921;0.18752158
Guyane2010;2010-10-20T14:37;5.24232;-52.576;65.90921;0.18752158
Dyphyma;2012-04-28T10:45;50.6395;0.44718;68.23818;0.0981
Dyphyma;2012-04-28T10:45;50.6395;0.44718;68.23818;0.0981
Guyane2010;2010-10-19T17:44;5.28583;-52.72467;68.26171;0.19813487
Guyane2010;2010-10-19T17:44;5.28583;-52.72467;68.26171;0.19813487
Guyane2010;2010-10-17T15:12;5.33677;-52.68803;68.30092;0.16389674
Guyane2010;2010-10-17T15:12;5.33677;-52.68803;68.30092;0.16389674
Guyane2010;2010-10-19T11:13;5.21712;-52.62633;68.496956;0.22118407
Guyane2010;2010-10-19T11:13;5.21712;-52.62633;68.496956;0.22118407
Moore_gulf_of_maine;2007-03-21T15:00;43.1799;69.57173;68.74332;0.548163
Moore_gulf_of_maine;2007-03-21T15:00;43.1799;69.57173;68.74332;0.548163
Guyane2010;2010-10-17T11:30;5.28543;-52.72117;69.08508;0.46831465
Guyane2010;2010-10-17T11:30;5.28543;-52.72117;69.08508;0.46831465
Guyane2010;2010-10-19T17:44;5.28583;-52.72467;69.12429;0.29372886
Guyane2010;2010-10-19T17:44;5.28583;-52.72467;69.12429;0.29372886
Moore_gulf_of_maine;2007-07-17T18:00;42.861282;-69.86107;70.02374;-999.99
Moore_gulf_of_maine;2007-07-17T18:00;42.861282;-69.86107;70.02374;-999.99
Moore_gulf_of_maine;2006-05-08T15:05;42.99248;-70.41825;70.932205;-999.99
Moore_gulf_of_maine;2006-05-08T15:05;42.99248;-70.41825;70.932205;-999.99
Guyane2010;2010-10-19T12:50;5.24055;-52.59;71.31996;0.4078801
Guyane2010;2010-10-19T12:50;5.24055;-52.59;71.31996;0.4078801
AMAZOMIX;2021-09-09T14:24;2.5667;-45.2998;72.658;-999.99
Guyane2010;2010-10-21T18:48;4.98442;-52.19847;72.77067;0.22425513
Guyane2010;2010-10-21T18:48;4.98442;-52.19847;72.77067;0.22425513
Moore_gulf_of_maine;2007-03-21T18:00;43.5665;69.9419;72.87803;0.635378
Moore_gulf_of_maine;2007-03-21T18:00;43.5665;69.9419;72.87803;0.635378
AMAZOMIX;2021-09-19T15:30;4.3865;-49.7742;73.006;-999.99
AMAZOMIX;2021-09-10T12:40;2.5667;-45.2998;73.044;-999.99
AMAZOMIX;2021-09-09T19:51;2.5667;-45.2998;73.327;-999.99
AMAZOMIX;2021-09-21T10:15;3.7475;-48.8725;73.358;-999.99
Dyphyma;2012-04-28T07:24;50.7434;0.50507;74.11943;0.1012
Dyphyma;2012-04-28T07:24;50.7434;0.50507;74.11943;0.1012
AMAZOMIX;2021-09-08T14:34;1.741;-45.3728;75.133;-999.99
AMAZOMIX;2021-09-01T11:10;0.7698;-46.316;75.144;-999.99
VITEL2014;2014-06-21T08:55;9.9631;106.8664;75.574;0.08608614
VITEL2014;2014-06-21T08:55;9.9631;106.8664;75.574;0.08608614
AMAZOMIX;2021-09-09T19:51;2.5667;-45.2998;75.803;-999.99
AMAZOMIX;2021-09-18T15:30;4.868;-49.2873;75.95;-999.99
AMAZOMIX;2021-09-02T15:34;1.0433;-46.1498;75.954;-999.99
Guyane2010;2010-10-17T13:43;5.33215;-52.71517;76.33862;0.51984453
Guyane2010;2010-10-17T13:43;5.33215;-52.71517;76.33862;0.51984453
AMAZOMIX;2021-09-24T19:30;2.349;-48.3957;76.608;-999.99
AMAZOMIX;2021-09-06T21:10;0.8928;-45.4712;76.806;-999.99
AMAZOMIX;2021-09-09T14:24;2.5667;-45.2998;77.056;-999.99
AMAZOMIX;2021-09-08T20:24;1.741;-45.3728;77.219;-999.99
AMAZOMIX;2021-09-09T14:24;2.5667;-45.2998;77.311;-999.99
AMAZOMIX;2021-09-17T19:04;4.1265;-50.0388;77.363;-999.99
AMAZOMIX;2021-09-17T10:30;4.1063;-50.4843;77.6;-999.99
AMAZOMIX;2021-09-08T14:34;1.741;-45.3728;77.692;-999.99
AMAZOMIX;2021-09-05T21:21;0.6412;-45.4862;77.769;-999.99
AMAZOMIX;2021-08-31T20:43;1.9382;-47.1837;78.305;-999.99
VITEL2014;2014-06-26T08:50;9.786;106.798;78.534;0.04896178
VITEL2014;2014-06-26T08:50;9.786;106.798;78.534;0.04896178
AMAZOMIX;2021-09-09T19:51;2.5667;-45.2998;78.553;-999.99
AMAZOMIX;2021-09-10T12:40;2.5667;-45.2998;78.856;-999.99
Dyphyma;2012-04-29T19:12;50.7526;1.5494;79.09889;0.1867
Dyphyma;2012-04-29T19:12;50.7526;1.5494;79.09889;0.1867
Moore_gulf_of_maine;2007-08-20T16:55;42.88957;-70.13983;79.27683;-999.99
Moore_gulf_of_maine;2007-08-20T16:55;42.88957;-70.13983;79.27683;-999.99
VITEL2014;2014-06-22T09:30;9.6859;106.75;79.318;0.08995518
VITEL2014;2014-06-22T09:30;9.6859;106.75;79.318;0.08995518
Guyane2010;2010-10-21T15:52;4.90942;-52.21995;79.31846;0.40003142
Guyane2010;2010-10-21T15:52;4.90942;-52.21995;79.31846;0.40003142
Guyane2010;2010-10-17T13:43;5.33215;-52.71517;79.5145;0.30802584
Guyane2010;2010-10-17T13:43;5.33215;-52.71517;79.5145;0.30802584
AMAZOMIX;2021-09-03T21:34;1.3425;-46.0243;79.533;-999.99
Moore_gulf_of_maine;2007-08-20T15:10;42.940918;-70.294;79.62578;-999.99
Moore_gulf_of_maine;2007-08-20T15:10;42.940918;-70.294;79.62578;-999.99
AMAZOMIX;2021-09-07T14:50;1.4865;-45.4015;79.742;-999.99
Moore_gulf_of_maine;2007-05-02T15:50;43.0079;-69.965866;79.81527;-999.99
Moore_gulf_of_maine;2007-05-02T15:50;43.0079;-69.965866;79.81527;-999.99
AMAZOMIX;2021-09-18T15:30;4.868;-49.2873;79.845;-999.99
AMAZOMIX;2021-09-05T21:21;0.6412;-45.4862;79.861;-999.99
AMAZOMIX;2021-09-07T14:50;1.4865;-45.4015;80;-999.99
Guyane2010;2010-10-20T13:36;5.214;-52.59377;80.14183;0.3361614
Guyane2010;2010-10-20T13:36;5.214;-52.59377;80.14183;0.3361614
VITEL2014;2014-06-26T02:45;8.7175;106.6623;80.233;0.08095045
VITEL2014;2014-06-26T02:45;8.7175;106.6623;80.233;0.08095045
Dyphyma;2012-04-28T08:37;50.7672;0.37903;80.23593;0.1724
Dyphyma;2012-04-28T08:37;50.7672;0.37903;80.23593;0.1724
VITEL2014;2014-06-22T04:45;9.7596;106.8196;80.39;0.12995829
VITEL2014;2014-06-22T04:45;9.7596;106.8196;80.39;0.12995829
AMAZOMIX;2021-09-16T11:08;4.7842;-50.4625;80.4;-999.99
AMAZOMIX;2021-09-05T21:21;0.6412;-45.4862;81.105;-999.99
VITEL2014;2014-06-24T05:10;9.2511;106.6919;81.344;0.05025146
VITEL2014;2014-06-24T05:10;9.2511;106.6919;81.344;0.05025146
AMAZOMIX;2021-09-07T22:13;1.4865;-45.4015;81.421;-999.99
Moore_gulf_of_maine;2005-07-12T13:36;42.993668;-70.423836;81.46056;-999.99
Moore_gulf_of_maine;2005-07-12T13:36;42.993668;-70.423836;81.46056;-999.99
AMAZOMIX;2021-09-10T12:40;2.5667;-45.2998;81.522;-999.99
AMAZOMIX;2021-09-24T10:05;2.4525;-48.9877;81.646;-999.99
AMAZOMIX;2021-09-08T14:34;1.741;-45.3728;81.706;-999.99
Guyane2010;2010-10-18T18:10;5.22522;-52.59917;81.98463;0.1977891
Guyane2010;2010-10-18T18:10;5.22522;-52.59917;81.98463;0.1977891
Guyane2010;2010-10-18T16:09;5.1598;-52.62333;82.023834;0.4532496
Guyane2010;2010-10-18T16:09;5.1598;-52.62333;82.023834;0.4532496
VITEL2014;2014-06-22T06:20;9.7597;106.7419;82.115;0.09195879
VITEL2014;2014-06-22T06:20;9.7597;106.7419;82.115;0.09195879
AMAZOMIX;2021-09-20T10:17;3.4468;-49.7143;82.467;-999.99
Guyane2010;2010-10-18T19:07;5.28518;-52.63717;82.65117;0.2157911
Guyane2010;2010-10-18T19:07;5.28518;-52.63717;82.65117;0.2157911
Guyane2010;2010-10-18T14:17;5.15583;-52.59667;82.69038;0.47042653
Guyane2010;2010-10-18T14:17;5.15583;-52.59667;82.69038;0.47042653
Guyane2010;2010-10-18T13:52;5.13832;-52.5615;82.729576;0.37155098
Guyane2010;2010-10-18T13:52;5.13832;-52.5615;82.729576;0.37155098
Dyphyma;2012-04-29T18:13;50.6808;1.5201;82.9021;0.2093
Dyphyma;2012-04-29T18:13;50.6808;1.5201;82.9021;0.2093
VITEL2014;2014-06-25T05:15;9.2787;106.3029;83.135;0.16093364
VITEL2014;2014-06-25T05:15;9.2787;106.3029;83.135;0.16093364
Guyane2012;2012-06-03T15:37;4.7058973;-51.82124;83.18;0.6283733
Guyane2012;2012-06-03T15:37;4.7058973;-51.82124;83.18;0.6283733
VITEL2014;2014-06-24T03:45;9.2038;106.7609;83.292;0.04594485
VITEL2014;2014-06-24T03:45;9.2038;106.7609;83.292;0.04594485
VITEL2014;2014-06-21T04:45;10.0579;106.917;83.305;0.08530312
VITEL2014;2014-06-21T04:45;10.0579;106.917;83.305;0.08530312
AMAZOMIX;2021-09-25T10:00;1.3905;-48.3107;83.336;-999.99
AMAZOMIX;2021-09-02T15:34;1.0433;-46.1498;83.433;-999.99
Dyphyma;2012-04-27T15:37;50.7938;1.53852;83.49023;0.2453
Dyphyma;2012-04-27T15:37;50.7938;1.53852;83.49023;0.2453
VITEL2014;2014-06-26T07:20;9.0498;106.7654;83.658;0.05057388
VITEL2014;2014-06-26T07:20;9.0498;106.7654;83.658;0.05057388
VITEL2014;2014-06-26T05:30;8.9054;106.7265;84.2;0.03175837
VITEL2014;2014-06-26T05:30;8.9054;106.7265;84.2;0.03175837
AMAZOMIX;2021-08-31T13:48;2.2785;-47.097;84.25;-999.99
Guyane2010;2010-10-17T17:17;5.26253;-52.69943;84.65079;0.33650696
Guyane2010;2010-10-17T17:17;5.26253;-52.69943;84.65079;0.33650696
Dyphyma;2012-04-21T09:36;51.0918;1.36502;84.70568;0.1262
Dyphyma;2012-04-21T09:36;51.0918;1.36502;84.70568;0.1262
VITEL2014;2014-06-25T03:45;9.3353;106.3834;84.768;0.15047802
VITEL2014;2014-06-25T03:45;9.3353;106.3834;84.768;0.15047802
AMAZOMIX;2021-09-08T20:24;1.741;-45.3728;84.897;-999.99
Dyphyma;2012-04-29T07:17;50.0761;1.32283;84.94093;0.2255
Dyphyma;2012-04-29T07:17;50.0761;1.32283;84.94093;0.2255
AMAZOMIX;2021-09-19T15:30;4.3865;-49.7742;85.25;-999.99
Guyane_radiale;2014-12-16T13:32;5.029;-52.1153;85.25852;0.16121
Guyane_radiale;2014-12-16T13:32;5.029;-52.1153;85.25852;0.16121
Guyane_Nov2017;2017-11-08T18:53;5.279104;-52.59887;85.505554;0.3521264
Guyane_Nov2017;2017-11-08T18:53;5.279104;-52.59887;85.505554;0.3521264
VITEL2014;2014-06-25T07:10;9.1611;106.3678;85.572;0.09168243
VITEL2014;2014-06-25T07:10;9.1611;106.3678;85.572;0.09168243
AMAZOMIX;2021-09-24T15:15;2.4315;-48.7507;85.667;-999.99
VITEL2013;2013-07-01T03:05;20.8183;106.903;85.79;0.5389
VITEL2013;2013-07-01T03:05;20.8183;106.903;85.79;0.5389
AMAZOMIX;2021-09-23T14:30;3.4348;-48.5643;86.008;-999.99
VITEL2014;2014-06-24T07:50;9.3414;106.5625;86.115;0.07358085
VITEL2014;2014-06-24T07:50;9.3414;106.5625;86.115;0.07358085
VITEL2014;2014-06-23T02:00;9.6419;106.7088;86.219;0.1904581
VITEL2014;2014-06-23T02:00;9.6419;106.7088;86.219;0.1904581
Guyane2010;2010-10-20T12:03;5.15942;-52.62333;86.29754;0.6820911
Guyane2010;2010-10-20T12:03;5.15942;-52.62333;86.29754;0.6820911
VITEL2014;2014-06-22T08:00;9.6883;106.7408;86.402;0.12102265
VITEL2014;2014-06-22T08:00;9.6883;106.7408;86.402;0.12102265
VITEL2011;2011-11-10T04:42;20.9284;107.0873;86.447815;0.18403333
VITEL2011;2011-11-10T04:42;20.9284;107.0873;86.447815;0.18403333
AMAZOMIX;2021-09-16T19:20;4.3962;-50.545;86.458;-999.99
ambleteuse;2006-03-16T09:16;50.8;1.567;86.81019;-999.99
ambleteuse;2006-03-16T09:16;50.8;1.567;86.81019;-999.99
Guyane2010;2010-10-21T15:52;4.90942;-52.21995;86.96408;0.60563153
Guyane2010;2010-10-21T15:52;4.90942;-52.21995;86.96408;0.60563153
VITEL2011;2011-11-10T03:01;20.9359;107.1292;87.254486;0.17378333
VITEL2011;2011-11-10T03:01;20.9359;107.1292;87.254486;0.17378333
VITEL2014;2014-06-22T02:00;9.7523;107.0046;87.356;0.09260363
VITEL2014;2014-06-22T02:00;9.7523;107.0046;87.356;0.09260363
Dyphyma;2012-04-29T09:47;50.2395;1.44155;87.41106;0.2196
Dyphyma;2012-04-29T09:47;50.2395;1.44155;87.41106;0.2196
VITEL2014;2014-06-25T02:30;9.3697;106.4413;87.513;0.24068654
VITEL2014;2014-06-25T02:30;9.3697;106.4413;87.513;0.24068654
Moore_gulf_of_maine;2007-09-11T15:15;42.940083;-70.29295;87.53939;-999.99
Moore_gulf_of_maine;2007-09-11T15:15;42.940083;-70.29295;87.53939;-999.99
Moore_gulf_of_maine;2007-09-11T14:10;42.996616;-70.42063;87.89564;-999.99
Moore_gulf_of_maine;2007-09-11T14:10;42.996616;-70.42063;87.89564;-999.99
VITEL2014;2014-06-21T09:45;9.9504;106.8265;88.01;0.16701356
VITEL2014;2014-06-21T09:45;9.9504;106.8265;88.01;0.16701356
VITEL2011;2011-11-09T03:23;20.8163;107.1034;88.35578;0.13551667
VITEL2011;2011-11-09T03:23;20.8163;107.1034;88.35578;0.13551667
VITEL2014;2014-06-24T02:15;9.1658;106.8011;88.572;0.04976783
VITEL2014;2014-06-24T02:15;9.1658;106.8011;88.572;0.04976783
VITEL2011;2011-11-08T04:47;20.8343;107.0706;88.720535;0.23659167
VITEL2011;2011-11-08T04:47;20.8343;107.0706;88.720535;0.23659167
Dyphyma;2012-04-28T05:47;50.7105;0.67943;88.86176;0.082
Dyphyma;2012-04-28T05:47;50.7105;0.67943;88.86176;0.082
Guyane_radiale;2014-09-17T14:25;5.0808;-52.0742;88.9245;0.06280909
Guyane_radiale;2014-09-17T14:25;5.0808;-52.0742;88.9245;0.06280909
AMAZOMIX;2021-09-23T20:35;3.2103;-48.4755;89.417;-999.99
VITEL2011;2011-11-12T05:25;20.3857;106.7083;89.48;0.10423333
VITEL2011;2011-11-12T05:25;20.3857;106.7083;89.48;0.10423333
VITEL2014;2014-06-25T08:55;9.0602;106.4161;89.709;0.05444292
VITEL2014;2014-06-25T08:55;9.0602;106.4161;89.709;0.05444292
Moore_gulf_of_maine;2006-10-09T17:55;42.888718;-70.13987;89.88671;0.763991
Moore_gulf_of_maine;2006-10-09T17:55;42.888718;-70.13987;89.88671;0.763991
Guyane2010;2010-10-21T16:29;4.92417;-52.22955;90.17916;0.42734104
Guyane2010;2010-10-21T16:29;4.92417;-52.22955;90.17916;0.42734104
VITEL2013;2013-07-01T07:15;20.8154;106.842;90.28;0.8867
VITEL2013;2013-07-01T07:15;20.8154;106.842;90.28;0.8867
ambleteuse;2005-05-26T00:00;50.8;1.538;90.30733;-999.99
ambleteuse;2005-05-26T00:00;50.8;1.538;90.30733;-999.99
Guyane_radiale;2015-09-17T15:10;5.029;-52.1153;90.39481;-0.03212685
Guyane_radiale;2015-09-17T15:10;5.029;-52.1153;90.39481;-0.03212685
Guyane_radiale;2014-12-16T14:45;5.0808;-52.0742;90.96333;0.2009891
Guyane_radiale;2014-12-16T14:45;5.0808;-52.0742;90.96333;0.2009891
VITEL2014;2014-06-22T03:30;9.7618;106.9095;90.989;0.15754823
VITEL2014;2014-06-22T03:30;9.7618;106.9095;90.989;0.15754823
AMAZOMIX;2021-09-23T14:30;3.4348;-48.5643;91.25;-999.99
Moore_gulf_of_maine;2005-03-17T20:30;43.183;-70.428665;91.374916;1.100922
Moore_gulf_of_maine;2005-03-17T20:30;43.183;-70.428665;91.374916;1.100922
VITEL2011;2011-11-08T04:47;20.8343;107.0706;91.554436;0.07261457
VITEL2011;2011-11-08T04:47;20.8343;107.0706;91.554436;0.07261457
Guyane2010;2010-10-20T12:44;5.18425;-52.61278;91.7475;2.2588565
Guyane2010;2010-10-20T12:44;5.18425;-52.61278;91.7475;2.2588565
VITEL2014;2014-06-21T05:55;10.0415;107.0324;91.944;0.31325406
VITEL2014;2014-06-21T05:55;10.0415;107.0324;91.944;0.31325406
VITEL2013;2013-07-01T04:25;20.8136;106.909;91.97;0.5781
VITEL2013;2013-07-01T04:25;20.8136;106.909;91.97;0.5781
Dyphyma;2012-04-20T12:25;50.9907;1.45252;92.03764;0.1238
Dyphyma;2012-04-20T12:25;50.9907;1.45252;92.03764;0.1238
Dyphyma;2012-04-21T14:00;50.8615;1.557;92.11606;0.2316
Dyphyma;2012-04-21T14:00;50.8615;1.557;92.11606;0.2316
Guyane2016;2016-11-29T13:17;4.96111;-52.190556;92.27778;0.4274054
Guyane2016;2016-11-29T13:17;4.96111;-52.190556;92.27778;0.4274054
VITEL2014;2014-06-23T06:30;9.4888;106.5132;92.336;0.13329764
VITEL2014;2014-06-23T06:30;9.4888;106.5132;92.336;0.13329764
VITEL2014;2014-06-21T03:50;10.0745;106.9657;92.349;0.15932155
VITEL2014;2014-06-21T03:50;10.0745;106.9657;92.349;0.15932155
Guyane_Nov2017;2017-11-09T11:45;5.401069;-52.741623;92.80556;0.4087111
Guyane_Nov2017;2017-11-09T11:45;5.401069;-52.741623;92.80556;0.4087111
Guyane_Nov2017;2017-11-09T16:10;5.517879;-52.92905;93;0.5331652
Guyane_Nov2017;2017-11-09T16:10;5.517879;-52.92905;93;0.5331652
Guyane_Nov2017;2017-11-09T13:30;5.408439;-52.8653;93.083336;0.4641167
Guyane_Nov2017;2017-11-09T13:30;5.408439;-52.8653;93.083336;0.4641167
Guyane_radiale;2015-01-16T14:15;5.029;-52.1153;93.09365;0.30567092
Guyane_radiale;2015-01-16T14:15;5.029;-52.1153;93.09365;0.30567092
VITEL2011;2011-11-08T03:48;20.8553;107.0635;93.26599;0.12749515
VITEL2011;2011-11-08T03:48;20.8553;107.0635;93.26599;0.12749515
Guyane_radiale;2014-11-18T12:30;5.029;-52.1153;93.459595;0.12771182
Guyane_radiale;2014-11-18T12:30;5.029;-52.1153;93.459595;0.12771182
VITEL2014;2014-06-23T04:10;9.5744;106.6266;93.656;0.12030872
VITEL2014;2014-06-23T04:10;9.5744;106.6266;93.656;0.12030872
Guyane_Nov2017;2017-11-10T21:00;5.47095;-52.978676;93.69444;0.57676333
Guyane_Nov2017;2017-11-10T21:00;5.47095;-52.978676;93.69444;0.57676333
AMAZOMIX;2021-09-25T15:20;1.2975;-48.1975;93.861;-999.99
Moore_gulf_of_maine;2007-02-22T15:05;42.939083;-70.29252;93.925026;-999.99
Moore_gulf_of_maine;2007-02-22T15:05;42.939083;-70.29252;93.925026;-999.99
Dyphyma;2012-04-27T17:09;50.8625;1.55933;94.03727;0.2248
Dyphyma;2012-04-27T17:09;50.8625;1.55933;94.03727;0.2248
Guyane_radiale;2015-07-10T16:15;5.0808;-52.0742;94.06079;0.09212
Guyane_radiale;2015-07-10T16:15;5.0808;-52.0742;94.06079;0.09212
Guyane_radiale;2014-11-18T11:50;4.98623;-52.1478;94.17841;0.20727
Guyane_radiale;2014-11-18T11:50;4.98623;-52.1478;94.17841;0.20727
Guyane_Nov2017;2017-11-09T15:40;5.497144;-52.94449;94.19444;0.29415068
Guyane_Nov2017;2017-11-09T15:40;5.497144;-52.94449;94.19444;0.29415068
VITEL2011;2011-11-09T07:09;20.8244;107.0838;94.41639;0.233525
VITEL2011;2011-11-09T07:09;20.8244;107.0838;94.41639;0.233525
Guyane_radiale;2015-09-17T15:40;4.98623;-52.1478;94.43327;0.25883418
Guyane_radiale;2015-09-17T15:40;4.98623;-52.1478;94.43327;0.25883418
VITEL2011;2011-11-09T03:23;20.8163;107.1034;94.58474;0.16740833
VITEL2011;2011-11-09T03:23;20.8163;107.1034;94.58474;0.16740833
Moore_gulf_of_maine;2005-03-18T17:10;42.939835;-70.29417;94.68289;0.500279
Moore_gulf_of_maine;2005-03-18T17:10;42.939835;-70.29417;94.68289;0.500279
VITEL2011;2011-11-09T08:47;20.8594;107.0409;94.73064;0.16185834
VITEL2011;2011-11-09T08:47;20.8594;107.0409;94.73064;0.16185834
Moore_gulf_of_maine;2005-07-14T16:10;42.769;-70.73967;94.743126;-999.99
Moore_gulf_of_maine;2005-07-14T16:10;42.769;-70.73967;94.743126;-999.99
VITEL2011;2011-11-09T07:56;20.8344;107.0632;95.005615;0.14809167
VITEL2011;2011-11-09T07:56;20.8344;107.0632;95.005615;0.14809167
VITEL2011;2011-11-09T07:09;20.8244;107.0838;95.145905;0.15300833
VITEL2011;2011-11-09T07:09;20.8244;107.0838;95.145905;0.15300833
Moore_gulf_of_maine;2004-06-16T17:12;42.88775;-70.14307;95.44539;-999.99
Moore_gulf_of_maine;2004-06-16T17:12;42.88775;-70.14307;95.44539;-999.99
Guyane_radiale;2015-07-10T17:00;5.1376;-52.03;95.47229;0.18424
Guyane_radiale;2015-07-10T17:00;5.1376;-52.03;95.47229;0.18424
VITEL2014;2014-06-26T10:15;9.2684;106.8334;95.577;0.10865554
VITEL2014;2014-06-26T10:15;9.2684;106.8334;95.577;0.10865554
VITEL2011;2011-11-12T03:35;20.5642;106.8668;95.61;0.123966664
VITEL2011;2011-11-12T03:35;20.5642;106.8668;95.61;0.123966664
Moore_gulf_of_maine;2006-10-10T12:20;43.184982;-70.43121;95.622795;0.40053
Moore_gulf_of_maine;2006-10-10T12:20;43.184982;-70.43121;95.622795;0.40053
VITEL2011;2011-11-10T04:42;20.9284;107.0873;95.82491;0.3049
VITEL2011;2011-11-10T04:42;20.9284;107.0873;95.82491;0.3049
VITEL2011;2011-11-12T02:06;20.5937;107.0062;95.86;0.09529167
VITEL2011;2011-11-12T02:06;20.5937;107.0062;95.86;0.09529167
Moore_gulf_of_maine;2005-09-13T14:45;42.939;-70.29117;95.88671;8.401672
Moore_gulf_of_maine;2005-09-13T14:45;42.939;-70.29117;95.88671;8.401672
Guyane2010;2010-10-20T12:44;5.18425;-52.61278;95.981995;0.7597217
Guyane2010;2010-10-20T12:44;5.18425;-52.61278;95.981995;0.7597217
VITEL2011;2011-11-10T03:35;20.9373;107.1061;96.18406;0.22640833
VITEL2011;2011-11-10T03:35;20.9373;107.1061;96.18406;0.22640833
VITEL2011;2011-11-08T07:56;20.8766;107.0368;96.24018;0.203575
VITEL2011;2011-11-08T07:56;20.8766;107.0368;96.24018;0.203575
AMAZOMIX;2021-09-18T15:30;4.868;-49.2873;96.333;-999.99
VITEL2014;2014-06-24T06:35;9.3048;106.6288;96.361;0.09727872
VITEL2014;2014-06-24T06:35;9.3048;106.6288;96.361;0.09727872
Guyane2012;2012-06-05T17:38;4.97091;-52.15612;96.59;0.8599594
Guyane2012;2012-06-05T17:38;4.97091;-52.15612;96.59;0.8599594
VITEL2011;2011-11-12T05:25;20.3857;106.7083;96.63;0.13964167
VITEL2011;2011-11-12T05:25;20.3857;106.7083;96.63;0.13964167
ambleteuse;2005-05-26T00:00;50.8;1.567;96.74941;-999.99
ambleteuse;2005-05-26T00:00;50.8;1.567;96.74941;-999.99
Guyane2012;2012-06-04T17:34;4.503693;-51.6589;96.82;0.8442608
Guyane2012;2012-06-04T17:34;4.503693;-51.6589;96.82;0.8442608
VITEL2014;2014-07-11T04:05;20.825817;107.09585;96.949;0.18343395
VITEL2014;2014-07-11T04:05;20.825817;107.09585;96.949;0.18343395
ambleteuse;2005-04-25T09:23;50.8;1.463;97.22222;-999.99
ambleteuse;2005-04-25T09:23;50.8;1.463;97.22222;-999.99
VITEL2011;2011-11-10T03:35;20.9373;107.1061;97.59259;0.15599167
VITEL2011;2011-11-10T03:35;20.9373;107.1061;97.59259;0.15599167
Guyane_radiale;2015-09-17T13:13;5.1376;-52.03;97.66796;-0.00393813
Guyane_radiale;2015-09-17T13:13;5.1376;-52.03;97.66796;-0.00393813
AMAZOMIX;2021-09-21T10:15;3.7475;-48.8725;97.75;-999.99
VITEL2011;2011-11-09T08:47;20.8594;107.0409;97.78339;0.19271667
VITEL2011;2011-11-09T08:47;20.8594;107.0409;97.78339;0.19271667
VITEL2011;2011-11-12T08:09;20.2006;106.6416;97.84;0.177125
VITEL2011;2011-11-12T08:09;20.2006;106.6416;97.84;0.177125
Guyane_radiale;2014-08-20T12:33;5.029;-52.1153;97.89014;0.06909
Guyane_radiale;2014-08-20T12:33;5.029;-52.1153;97.89014;0.06909
AMAZOMIX;2021-09-20T19:00;3.266;-49.5262;98;-999.99
Guyane_radiale;2014-12-16T11:45;4.94257;-52.1823;98.020836;0.41454
Guyane_radiale;2014-12-16T11:45;4.94257;-52.1823;98.020836;0.41454
AMAZOMIX;2021-09-22T13:20;4.4487;-48.23;98.083;-999.99
Guyane_Nov2017;2017-11-11T14:10;5.548218;-53.022797;98.24722;0.62029696
Guyane_Nov2017;2017-11-11T14:10;5.548218;-53.022797;98.24722;0.62029696
Guyane_radiale;2015-07-10T14:30;5.029;-52.1153;98.26915;0.09212
Guyane_radiale;2015-07-10T14:30;5.029;-52.1153;98.26915;0.09212
VITEL2011;2011-11-09T04:18;20.815;107.1334;98.274414;0.16665
VITEL2011;2011-11-09T04:18;20.815;107.1334;98.274414;0.16665
VITEL2011;2011-11-08T08:33;20.8885;107.0449;98.49888;0.195
VITEL2011;2011-11-08T08:33;20.8885;107.0449;98.49888;0.195
VITEL2011;2011-11-07T08:06;20.8849;107.0203;98.54096;0.18886666
VITEL2011;2011-11-07T08:06;20.8849;107.0203;98.54096;0.18886666
Dyphyma;2012-04-20T09:58;50.8719;1.55836;98.585434;0.2154
Dyphyma;2012-04-20T09:58;50.8719;1.55836;98.585434;0.2154
Moore_gulf_of_maine;2007-08-20T12:05;43.0322;-70.56945;98.59642;-999.99
Moore_gulf_of_maine;2007-08-20T12:05;43.0322;-70.56945;98.59642;-999.99
Black_Carbon2013;2013-05-16T13:30;20.9755;107.281;98.79;0.26197314
Black_Carbon2013;2013-05-16T13:30;20.9755;107.281;98.79;0.26197314
AMAZOMIX;2021-09-25T18:05;1.08;-47.957;98.806;-999.99
VITEL2011;2011-11-08T03:48;20.8553;107.0635;98.933784;0.17260833
VITEL2011;2011-11-08T03:48;20.8553;107.0635;98.933784;0.17260833
VITEL2011;2011-11-08T06:51;20.8498;107.0464;99.04601;0.23163334
VITEL2011;2011-11-08T06:51;20.8498;107.0464;99.04601;0.23163334
Guyane_radiale;2014-08-20T13:47;5.1376;-52.03;99.21669;0.06909
Guyane_radiale;2014-08-20T13:47;5.1376;-52.03;99.21669;0.06909
Guyane_Nov2017;2017-11-07T16:20;4.895254;-51.94284;99.25;0.20582832
Guyane_Nov2017;2017-11-07T16:20;4.895254;-51.94284;99.25;0.20582832
Guyane_radiale;2015-09-17T14:10;5.0808;-52.0742;99.45847;-0.03065293
Guyane_radiale;2015-09-17T14:10;5.0808;-52.0742;99.45847;-0.03065293
VITEL2011;2011-11-07T09:08;20.8809;107.0224;99.46689;0.205725
VITEL2011;2011-11-07T09:08;20.8809;107.0224;99.46689;0.205725
Guyane_Nov2017;2017-11-08T14:30;5.044277;-52.452065;99.666664;0.8824359
Guyane_Nov2017;2017-11-08T14:30;5.044277;-52.452065;99.666664;0.8824359
VITEL2011;2011-11-10T05:25;20.9435;107.072;99.71941;0.206925
VITEL2011;2011-11-10T05:25;20.9435;107.072;99.71941;0.206925
Black_Carbon2013;2013-05-15T08:28;20.91;107.258;99.72;0.50049853
Black_Carbon2013;2013-05-15T08:28;20.91;107.258;99.72;0.50049853
Black_Carbon2012;2012-10-18T06:47;20.9755;107.2811;99.73;-999.99
Black_Carbon2012;2012-10-18T06:47;20.9755;107.2811;99.73;-999.99
Guyane_Nov2017;2017-11-11T01:00;5.47095;-52.978676;99.77778;0.7410202
Guyane_Nov2017;2017-11-11T01:00;5.47095;-52.978676;99.77778;0.7410202
VITEL2011;2011-11-08T08:33;20.8885;107.0449;100.16835;0.23415
VITEL2011;2011-11-08T08:33;20.8885;107.0449;100.16835;0.23415
AMAZOMIX;2021-09-16T11:08;4.7842;-50.4625;100.208;-999.99
Guyane_Nov2017;2017-11-10T12:30;5.47095;-52.978676;100.208336;0.5608012
Guyane_Nov2017;2017-11-10T12:30;5.47095;-52.978676;100.208336;0.5608012
VITEL2011;2011-11-08T05:33;20.8353;107.0537;100.210434;0.18181667
VITEL2011;2011-11-08T05:33;20.8353;107.0537;100.210434;0.18181667
VITEL2014;2014-07-10T03:45;20.779766;107.1817;100.399;0.17330074
VITEL2014;2014-07-10T03:45;20.779766;107.1817;100.399;0.17330074
VITEL2011;2011-11-10T08:03;20.9517;107.0542;100.420876;0.25004166
VITEL2011;2011-11-10T08:03;20.9517;107.0542;100.420876;0.25004166
VITEL2011;2011-11-12T08:40;20.2308;106.6278;100.48;0.23664367
VITEL2011;2011-11-12T08:40;20.2308;106.6278;100.48;0.23664367
VITEL2014;2014-07-11T06:10;20.763866;107.106316;100.569;0.13470247
VITEL2014;2014-07-11T06:10;20.763866;107.106316;100.569;0.13470247
Black_Carbon2013;2013-05-16T05:35;20.9755;107.281;100.65;0.25335187
Black_Carbon2013;2013-05-16T05:35;20.9755;107.281;100.65;0.25335187
VITEL2011;2011-11-12T05:57;20.3154;106.6797;100.7;0.189125
VITEL2011;2011-11-12T05:57;20.3154;106.6797;100.7;0.189125
Guyane_Nov2017;2017-11-10T22:00;5.47095;-52.978676;100.80556;0.6298083
Guyane_Nov2017;2017-11-10T22:00;5.47095;-52.978676;100.80556;0.6298083
VITEL2014;2014-07-11T08:15;20.675;107.0699;100.981;0.18403272
VITEL2014;2014-07-11T08:15;20.675;107.0699;100.981;0.18403272
VITEL2011;2011-11-12T08:40;20.2308;106.6278;100.99;0.30116665
VITEL2011;2011-11-12T08:40;20.2308;106.6278;100.99;0.30116665
VITEL2011;2011-11-10T07:20;20.9695;107.0702;101.0101;0.24510834
VITEL2011;2011-11-10T07:20;20.9695;107.0702;101.0101;0.24510834
VITEL2014;2014-06-20T05:50;10.2082;107.2159;101.04;0.20593426
VITEL2014;2014-06-20T05:50;10.2082;107.2159;101.04;0.20593426
VITEL2011;2011-11-10T06:41;20.9626;107.0668;101.15039;0.23633334
VITEL2011;2011-11-10T06:41;20.9626;107.0668;101.15039;0.23633334
VITEL2013;2013-06-28T02:20;20.7196;106.822;101.28;0.5067
VITEL2013;2013-06-28T02:20;20.7196;106.822;101.28;0.5067
VITEL2011;2011-11-12T07:33;20.2408;106.6555;101.49;0.19824167
VITEL2011;2011-11-12T07:33;20.2408;106.6555;101.49;0.19824167
Moore_gulf_of_maine;2006-09-15T12:25;43.184917;-70.42995;101.897804;0.806636
Moore_gulf_of_maine;2006-09-15T12:25;43.184917;-70.42995;101.897804;0.806636
VITEL2011;2011-11-10T07:20;20.9695;107.0702;101.93603;0.29063332
VITEL2011;2011-11-10T07:20;20.9695;107.0702;101.93603;0.29063332
Guyane_Nov2017;2017-11-08T12:45;5.142337;-52.375328;102.22222;0.2155585
Guyane_Nov2017;2017-11-08T12:45;5.142337;-52.375328;102.22222;0.2155585
VITEL2011;2011-11-10T08:03;20.9517;107.0542;102.27273;0.20793334
VITEL2011;2011-11-10T08:03;20.9517;107.0542;102.27273;0.20793334
Guyane_Nov2017;2017-11-10T13:00;5.47095;-52.978676;102.27778;0.5719385
Guyane_Nov2017;2017-11-10T13:00;5.47095;-52.978676;102.27778;0.5719385
Moore_gulf_of_maine;2007-09-13T12:30;43.17925;-70.42803;102.348816;-999.99
Moore_gulf_of_maine;2007-09-13T12:30;43.17925;-70.42803;102.348816;-999.99
Moore_gulf_of_maine;2007-07-17T13:40;42.99405;-70.42133;102.36506;-999.99
Moore_gulf_of_maine;2007-07-17T13:40;42.99405;-70.42133;102.36506;-999.99
Guyane_radiale;2014-12-16T12:40;4.98623;-52.1478;102.55593;0.20727
Guyane_radiale;2014-12-16T12:40;4.98623;-52.1478;102.55593;0.20727
VITEL2011;2011-11-08T03:48;20.8553;107.0635;102.77778;0.090710334
VITEL2011;2011-11-08T03:48;20.8553;107.0635;102.77778;0.090710334
VITEL2014;2014-06-23T03:00;9.6133;106.6823;102.87;0.10794161
VITEL2014;2014-06-23T03:00;9.6133;106.6823;102.87;0.10794161
Guyane2010;2010-10-21T14:22;4.85078;-52.24777;102.88267;1.882256
Guyane2010;2010-10-21T14:22;4.85078;-52.24777;102.88267;1.882256
Moore_gulf_of_maine;2005-07-12T17:54;42.859165;-69.8615;103.111595;1.709068
Moore_gulf_of_maine;2005-07-12T17:54;42.859165;-69.8615;103.111595;1.709068
Guyane2010;2010-10-17T11:30;5.28543;-52.72117;103.11792;0.3809157
Guyane2010;2010-10-17T11:30;5.28543;-52.72117;103.11792;0.3809157
VITEL2011;2011-11-09T05:33;20.8051;107.1202;103.226715;0.110525
VITEL2011;2011-11-09T05:33;20.8051;107.1202;103.226715;0.110525
VITEL2011;2011-11-07T06:31;20.9026;107.0316;103.367004;0.27325833
VITEL2011;2011-11-07T06:31;20.9026;107.0316;103.367004;0.27325833
Guyane_Nov2017;2017-11-11T00:00;5.47095;-52.978676;103.416664;0.889566
Guyane_Nov2017;2017-11-11T00:00;5.47095;-52.978676;103.416664;0.889566
Black_Carbon2013;2013-05-16T09:26;20.9755;107.281;103.52;0.21539582
Black_Carbon2013;2013-05-16T09:26;20.9755;107.281;103.52;0.21539582
VITEL2011;2011-11-07T08:06;20.8849;107.0203;103.703705;0.1885
VITEL2011;2011-11-07T08:06;20.8849;107.0203;103.703705;0.1885
VITEL2014;2014-06-20T03:05;10.2438;107.0445;103.771;0.23239572
VITEL2014;2014-06-20T03:05;10.2438;107.0445;103.771;0.23239572
VITEL2014;2014-06-23T07:25;9.4888;106.5132;103.85;0.23690961
VITEL2014;2014-06-23T07:25;9.4888;106.5132;103.85;0.23690961
ambleteuse;2006-04-04T09:00;50.8;1.593;103.86111;-999.99
ambleteuse;2006-04-04T09:00;50.8;1.593;103.86111;-999.99
Dyphyma;2012-04-20T14:41;51.092;1.3635;103.996185;0.1464
Dyphyma;2012-04-20T14:41;51.092;1.3635;103.996185;0.1464
AMAZOMIX;2021-09-19T15:30;4.3865;-49.7742;104;-999.99
Guyane_Nov2017;2017-11-09T14:46;5.467973;-52.961994;104.138885;0.34272784
Guyane_Nov2017;2017-11-09T14:46;5.467973;-52.961994;104.138885;0.34272784
Guyane_Nov2017;2017-11-08T17:25;5.21393;-52.60672;104.25;0.93242484
Guyane_Nov2017;2017-11-08T17:25;5.21393;-52.60672;104.25;0.93242484
ambleteuse;2006-05-15T08:03;50.8;1.593;104.49537;-999.99
ambleteuse;2006-05-15T08:03;50.8;1.593;104.49537;-999.99
ambleteuse;2004-05-07T09:37;50.8;1.508;104.5224;-999.99
ambleteuse;2004-05-07T09:37;50.8;1.508;104.5224;-999.99
ambleteuse;2004-05-07T09:37;50.8;1.508;104.5224;-999.99
ambleteuse;2004-05-07T09:37;50.8;1.508;104.5224;-999.99
Guyane_radiale;2014-09-17T13:30;5.029;-52.1153;104.54902;0.050247274
Guyane_radiale;2014-09-17T13:30;5.029;-52.1153;104.54902;0.050247274
ambleteuse;2006-05-15T07:40;50.8;1.567;104.60648;-999.99
ambleteuse;2006-05-15T07:40;50.8;1.567;104.60648;-999.99
VITEL2014;2014-07-11T07:10;20.718433;107.111664;105.078;0.19306049
VITEL2014;2014-07-11T07:10;20.718433;107.111664;105.078;0.19306049
Guyane2010;2010-10-21T12:53;4.74475;-52.32645;105.23517;1.1776927
Guyane2010;2010-10-21T12:53;4.74475;-52.32645;105.23517;1.1776927
AMAZOMIX;2021-09-15T14:30;5.3488;-50.1278;105.583;-999.99
Guyane_radiale;2015-09-17T16:20;4.94257;-52.1823;105.60111;0.20740817
Guyane_radiale;2015-09-17T16:20;4.94257;-52.1823;105.60111;0.20740817
Moore_gulf_of_maine;2007-09-13T15:08;43.566166;-70.05783;105.77934;-999.99
Moore_gulf_of_maine;2007-09-13T15:08;43.566166;-70.05783;105.77934;-999.99
Guyane2016;2016-11-29T14:26;4.9119444;-52.212223;106.111115;0.5702856
Guyane2016;2016-11-29T14:26;4.9119444;-52.212223;106.111115;0.5702856
VITEL2011;2011-11-08T09:28;20.927;107.0339;106.13075;0.22289167
VITEL2011;2011-11-08T09:28;20.927;107.0339;106.13075;0.22289167
ambleteuse;2006-03-16T09:48;50.8;1.593;106.55093;-999.99
ambleteuse;2006-03-16T09:48;50.8;1.593;106.55093;-999.99
VITEL2013;2013-06-28T05:25;20.6921;106.876;106.61;0.5067
VITEL2013;2013-06-28T05:25;20.6921;106.876;106.61;0.5067
Moore_gulf_of_maine;2007-05-02T13:16;42.86373;-70.63042;106.6295;-999.99
Moore_gulf_of_maine;2007-05-02T13:16;42.86373;-70.63042;106.6295;-999.99
VITEL2014;2014-07-10T04:50;20.81685;107.132935;106.751;0.18357213
VITEL2014;2014-07-10T04:50;20.81685;107.132935;106.751;0.18357213
VITEL2011;2011-11-14T07:53;20.7307;106.9056;106.76;0.26463333
VITEL2011;2011-11-14T07:53;20.7307;106.9056;106.76;0.26463333
VITEL2014;2014-06-23T04:30;9.5744;106.6266;106.804;0.12180567
VITEL2014;2014-06-23T04:30;9.5744;106.6266;106.804;0.12180567
VITEL2013;2013-06-28T04:15;20.7036;106.827;106.84;0.6218
VITEL2013;2013-06-28T04:15;20.7036;106.827;106.84;0.6218
VITEL2011;2011-11-10T07:20;20.9695;107.0702;106.90236;0.27175835
VITEL2011;2011-11-10T07:20;20.9695;107.0702;106.90236;0.27175835
ambleteuse;2005-04-25T10:01;50.8;1.538;107.1513;-999.99
ambleteuse;2005-04-25T10:01;50.8;1.538;107.1513;-999.99
Guyane_radiale;2014-11-18T13:18;5.0808;-52.0742;107.234795;0.32242
Guyane_radiale;2014-11-18T13:18;5.0808;-52.0742;107.234795;0.32242
Guyane_Nov2017;2017-11-10T16:00;5.47095;-52.978676;107.361115;0.7203323
Guyane_Nov2017;2017-11-10T16:00;5.47095;-52.978676;107.361115;0.7203323
ambleteuse;2005-04-01T11:46;50.8;1.593;107.44681;-999.99
ambleteuse;2005-04-01T11:46;50.8;1.593;107.44681;-999.99
Guyane_Nov2017;2017-11-09T12:35;5.337697;-52.78758;107.666664;0.73306334
Guyane_Nov2017;2017-11-09T12:35;5.337697;-52.78758;107.666664;0.73306334
Guyane_Nov2017;2017-11-10T17:00;5.47095;-52.978676;107.77778;0.52156043
Guyane_Nov2017;2017-11-10T17:00;5.47095;-52.978676;107.77778;0.52156043
AMAZOMIX;2021-09-26T10:20;0.29113334;-47.797718;107.806;-999.99
Guyane2010;2010-10-21T13:58;4.84887;-52.28107;107.97975;1.0040504
Guyane2010;2010-10-21T13:58;4.84887;-52.28107;107.97975;1.0040504
AMAZOMIX;2021-09-20T10:17;3.4468;-49.7143;108.083;-999.99
AMAZOMIX;2021-09-24T19:30;2.349;-48.3957;108.111;-999.99
Moore_gulf_of_maine;2007-02-22T14:10;42.9942;-70.42195;108.20438;-999.99
Moore_gulf_of_maine;2007-02-22T14:10;42.9942;-70.42195;108.20438;-999.99
Guyane_Nov2017;2017-11-10T20:15;5.47095;-52.978676;108.25;0.55494237
Guyane_Nov2017;2017-11-10T20:15;5.47095;-52.978676;108.25;0.55494237
VITEL2014;2014-07-10T06:30;20.848333;107.107315;108.346;0.21176085
VITEL2014;2014-07-10T06:30;20.848333;107.107315;108.346;0.21176085
Guyane_radiale;2014-08-20T11:30;4.94257;-52.1823;108.47639;0.48363
Guyane_radiale;2014-08-20T11:30;4.94257;-52.1823;108.47639;0.48363
VITEL2014;2014-06-21T02:30;10.1247;106.9884;108.529;0.2616899
VITEL2014;2014-06-21T02:30;10.1247;106.9884;108.529;0.2616899
Guyane_Nov2017;2017-11-10T23:00;5.47095;-52.978676;108.55556;0.6393151
Guyane_Nov2017;2017-11-10T23:00;5.47095;-52.978676;108.55556;0.6393151
Black_Carbon2013;2013-05-15T03:45;20.9317;107.1758;108.58;0.3120772
Black_Carbon2013;2013-05-15T03:45;20.9317;107.1758;108.58;0.3120772
Guyane_radiale;2015-07-10T13:30;4.98623;-52.1478;108.607086;0.20308273
Guyane_radiale;2015-07-10T13:30;4.98623;-52.1478;108.607086;0.20308273
VITEL2014;2014-07-07T06:00;20.2156;106.67278;108.633;0.16130212
VITEL2014;2014-07-07T06:00;20.2156;106.67278;108.633;0.16130212
VITEL2011;2011-11-14T04:36;20.6997;106.8325;108.78;0.274575
VITEL2011;2011-11-14T04:36;20.6997;106.8325;108.78;0.274575
VITEL2011;2011-11-15T04:22;20.7808;106.8475;108.950615;0.32161668
VITEL2011;2011-11-15T04:22;20.7808;106.8475;108.950615;0.32161668
Guyane2012;2012-06-02T19:55;4.7160053;-51.951275;109.05;1.5284635
Guyane2012;2012-06-02T19:55;4.7160053;-51.951275;109.05;1.5284635
Guyane2012;2012-06-03T18:44;4.6669106;-51.73584;109.09;1.2721417
Guyane2012;2012-06-03T18:44;4.6669106;-51.73584;109.09;1.2721417
Guyane_Nov2017;2017-11-07T18:35;4.971803;-52.165466;109.388885;0.22598188
Guyane_Nov2017;2017-11-07T18:35;4.971803;-52.165466;109.388885;0.22598188
VITEL2011;2011-11-14T06:37;20.7545;106.8667;109.58;0.268425
VITEL2011;2011-11-14T06:37;20.7545;106.8667;109.58;0.268425
Guyane_radiale;2014-08-20T13:33;5.0808;-52.0742;109.744125;0.07955818
Guyane_radiale;2014-08-20T13:33;5.0808;-52.0742;109.744125;0.07955818
Moore_gulf_of_maine;2007-04-10T16:35;42.886333;-70.142334;110.00944;-999.99
Moore_gulf_of_maine;2007-04-10T16:35;42.886333;-70.142334;110.00944;-999.99
AMAZOMIX;2021-09-25T18:05;1.08;-47.957;110.083;-999.99
VITEL2014;2014-06-23T08:50;9.3894;106.4705;110.306;0.18520726
VITEL2014;2014-06-23T08:50;9.3894;106.4705;110.306;0.18520726
Guyane_radiale;2015-07-10T12:40;4.94257;-52.1823;110.606705;0.39151
Guyane_radiale;2015-07-10T12:40;4.94257;-52.1823;110.606705;0.39151
Guyane2012;2012-05-29T20:21;4.9028854;-52.06962;110.72;0.4619623
Guyane2012;2012-05-29T20:21;4.9028854;-52.06962;110.72;0.4619623
VITEL2013;2013-07-01T06:40;20.8188;106.877;110.76;0.9442
VITEL2013;2013-07-01T06:40;20.8188;106.877;110.76;0.9442
Guyane_Nov2017;2017-11-10T18:00;5.47095;-52.978676;110.833336;0.7084028
Guyane_Nov2017;2017-11-10T18:00;5.47095;-52.978676;110.833336;0.7084028
Guyane2016;2016-11-29T13:50;4.9455557;-52.218613;110.888885;0.6034279
Guyane2016;2016-11-29T13:50;4.9455557;-52.218613;110.888885;0.6034279
Guyane_Nov2017;2017-11-10T15:00;5.47095;-52.978676;111.22222;0.9407225
Guyane_Nov2017;2017-11-10T15:00;5.47095;-52.978676;111.22222;0.9407225
Moore_gulf_of_maine;2007-08-21T14:30;43.379166;-70.24783;111.273865;-999.99
Moore_gulf_of_maine;2007-08-21T14:30;43.379166;-70.24783;111.273865;-999.99
VITEL2011;2011-11-14T07:53;20.7307;106.9056;111.42;0.27873334
VITEL2011;2011-11-14T07:53;20.7307;106.9056;111.42;0.27873334
Moore_gulf_of_maine;2007-08-21T17:40;43.70233;-69.78017;111.529564;-999.99
Moore_gulf_of_maine;2007-08-21T17:40;43.70233;-69.78017;111.529564;-999.99
Moore_gulf_of_maine;2007-03-21T19:35;43.703667;68.21695;111.73482;0.598956
Moore_gulf_of_maine;2007-03-21T19:35;43.703667;68.21695;111.73482;0.598956
Guyane_Nov2017;2017-11-10T19:15;5.47095;-52.978676;111.77778;1.2543796
Guyane_Nov2017;2017-11-10T19:15;5.47095;-52.978676;111.77778;1.2543796
ambleteuse;2006-03-02T08:34;50.8;1.567;111.90278;-999.99
ambleteuse;2006-03-02T08:34;50.8;1.567;111.90278;-999.99
Guyane2010;2010-10-21T12:53;4.74475;-52.32645;112.05742;0.83700657
Guyane2010;2010-10-21T12:53;4.74475;-52.32645;112.05742;0.83700657
VITEL2011;2011-11-15T04:22;20.7808;106.8475;112.093155;0.22752573
VITEL2011;2011-11-15T04:22;20.7808;106.8475;112.093155;0.22752573
VITEL2013;2013-06-28T06:20;20.6858;106.915;112.58;0.4168
VITEL2013;2013-06-28T06:20;20.6858;106.915;112.58;0.4168
VITEL2014;2014-07-07T07:10;20.215633;106.63762;112.632;0.15906821
VITEL2014;2014-07-07T07:10;20.215633;106.63762;112.632;0.15906821
Guyane_Nov2017;2017-11-08T13:40;5.099571;-52.40522;112.638885;0.29276428
Guyane_Nov2017;2017-11-08T13:40;5.099571;-52.40522;112.638885;0.29276428
Black_Carbon2012;2012-10-16T08:24;20.8983;107.1291;112.69;0.11
Black_Carbon2012;2012-10-16T08:24;20.8983;107.1291;112.69;0.11
VITEL2011;2011-11-14T08:39;20.7107;106.8701;112.71;0.28331667
VITEL2011;2011-11-14T08:39;20.7107;106.8701;112.71;0.28331667
Guyane2010;2010-10-18T16:27;5.16783;-52.619;112.72396;0.35082337
Guyane2010;2010-10-18T16:27;5.16783;-52.619;112.72396;0.35082337
Guyane_radiale;2015-01-16T13:25;4.98623;-52.1478;112.92;0.36848
Guyane_radiale;2015-01-16T13:25;4.98623;-52.1478;112.92;0.36848
Moore_gulf_of_maine;2004-06-16T12:55;42.994816;-70.42225;113.34102;-999.99
Moore_gulf_of_maine;2004-06-16T12:55;42.994816;-70.42225;113.34102;-999.99
VITEL2014;2014-07-06T06:15;20.54065;106.84337;113.43;0.1883854
VITEL2014;2014-07-06T06:15;20.54065;106.84337;113.43;0.1883854
VITEL2014;2014-07-07T04:35;20.216717;106.75198;113.639;0.11558757
VITEL2014;2014-07-07T04:35;20.216717;106.75198;113.639;0.11558757
VITEL2011;2011-11-14T04:36;20.6997;106.8325;113.66;0.22056913
VITEL2011;2011-11-14T04:36;20.6997;106.8325;113.66;0.22056913
VITEL2011;2011-11-14T05:31;20.7273;106.8133;113.77666;0.43185833
VITEL2011;2011-11-14T05:31;20.7273;106.8133;113.77666;0.43185833
Moore_gulf_of_maine;2006-07-18T14:34;42.99267;-70.41922;114.386734;0.537312
Moore_gulf_of_maine;2006-07-18T14:34;42.99267;-70.41922;114.386734;0.537312
Guyane_Nov2017;2017-11-10T14:00;5.47095;-52.978676;114.80556;0.71252745
Guyane_Nov2017;2017-11-10T14:00;5.47095;-52.978676;114.80556;0.71252745
ambleteuse;2005-04-01T11:28;50.8;1.567;114.83452;-999.99
ambleteuse;2005-04-01T11:28;50.8;1.567;114.83452;-999.99
AMAZOMIX;2021-08-30T20:18;2.8628;-47.7357;115;-999.99
Guyane2010;2010-10-20T11:25;5.14945;-52.67033;115.350914;0.76540154
Guyane2010;2010-10-20T11:25;5.14945;-52.67033;115.350914;0.76540154
Moore_gulf_of_maine;2007-07-17T16:40;42.888767;-70.14132;115.465126;-999.99
Moore_gulf_of_maine;2007-07-17T16:40;42.888767;-70.14132;115.465126;-999.99
Moore_gulf_of_maine;2007-07-19T17:22;43.701317;-69.78275;115.53555;-999.99
Moore_gulf_of_maine;2007-07-19T17:22;43.701317;-69.78275;115.53555;-999.99
Black_Carbon2013;2013-05-17T01:24;20.9755;107.281;115.97;0.24364643
Black_Carbon2013;2013-05-17T01:24;20.9755;107.281;115.97;0.24364643
VITEL2011;2011-11-16T06:00;20.8294;106.821;116.049385;0.25083047
VITEL2011;2011-11-16T06:00;20.8294;106.821;116.049385;0.25083047
Black_Carbon2013;2013-05-17T07:38;20.7806;107.1711;116.39;0.30455372
Black_Carbon2013;2013-05-17T07:38;20.7806;107.1711;116.39;0.30455372
Moore_gulf_of_maine;2006-07-18T12:40;43.02952;-70.57145;116.41693;-999.99
Moore_gulf_of_maine;2006-07-18T12:40;43.02952;-70.57145;116.41693;-999.99
Black_Carbon2012;2012-10-16T04:08;20.7806;107.1711;116.45;0.1461
Black_Carbon2012;2012-10-16T04:08;20.7806;107.1711;116.45;0.1461
Guyane2010;2010-10-21T14:22;4.85078;-52.24777;116.566376;0.789296
Guyane2010;2010-10-21T14:22;4.85078;-52.24777;116.566376;0.789296
Guyane2012;2012-05-29T18:15;4.8144217;-52.113575;116.7;0.62493813
Guyane2012;2012-05-29T18:15;4.8144217;-52.113575;116.7;0.62493813
VITEL2011;2011-11-14T08:39;20.7107;106.8701;116.81;0.08716758
VITEL2011;2011-11-14T08:39;20.7107;106.8701;116.81;0.08716758
Guyane_radiale;2015-08-25T11:49;4.98623;-52.1478;117.14143;0.19002053
Guyane_radiale;2015-08-25T11:49;4.98623;-52.1478;117.14143;0.19002053
Guyane2012;2012-06-03T22:18;4.565408;-51.700577;117.17;0.80796915
Guyane2012;2012-06-03T22:18;4.565408;-51.700577;117.17;0.80796915
Guyane_radiale;2014-09-17T12:45;4.98623;-52.1478;117.38975;0.11515
Guyane_radiale;2014-09-17T12:45;4.98623;-52.1478;117.38975;0.11515
Black_Carbon2012;2012-10-17T07:22;20.91;107.258;117.47;0.1453
Black_Carbon2012;2012-10-17T07:22;20.91;107.258;117.47;0.1453
Guyane2012;2012-06-02T18:37;4.7911034;-51.90807;117.65;0.33648777
Guyane2012;2012-06-02T18:37;4.7911034;-51.90807;117.65;0.33648777
Guyane_Nov2017;2017-11-07T19:15;4.898374;-52.216633;117.75;0.73962915
Guyane_Nov2017;2017-11-07T19:15;4.898374;-52.216633;117.75;0.73962915
Moore_gulf_of_maine;2007-04-10T13:20;42.99167;-70.4215;117.798645;-999.99
Moore_gulf_of_maine;2007-04-10T13:20;42.99167;-70.4215;117.798645;-999.99
Moore_gulf_of_maine;2004-10-29T15:31;42.888985;-70.140915;117.863266;0.719022
Moore_gulf_of_maine;2004-10-29T15:31;42.888985;-70.140915;117.863266;0.719022
Moore_gulf_of_maine;2005-07-12T14:56;42.9385;-70.2935;117.88887;-999.99
Moore_gulf_of_maine;2005-07-12T14:56;42.9385;-70.2935;117.88887;-999.99
ambleteuse;2005-05-09T09:07;50.8;1.538;117.9078;-999.99
ambleteuse;2005-05-09T09:07;50.8;1.538;117.9078;-999.99
ambleteuse;2006-05-29T08:16;50.8;1.593;118.02778;-999.99
ambleteuse;2006-05-29T08:16;50.8;1.593;118.02778;-999.99
AMAZOMIX;2021-09-16T11:08;4.7842;-50.4625;118.166;-999.99
VITEL2011;2011-11-14T06:37;20.7545;106.8667;118.24;0.3164
VITEL2011;2011-11-14T06:37;20.7545;106.8667;118.24;0.3164
VITEL2013;2013-06-29T04:20;20.7854;106.847;118.41;0.6541
VITEL2013;2013-06-29T04:20;20.7854;106.847;118.41;0.6541
VITEL2014;2014-07-09T08:10;20.6104;107.0913;118.553;0.17910431
VITEL2014;2014-07-09T08:10;20.6104;107.0913;118.553;0.17910431
AMAZOMIX;2021-09-27T18:00;4.1432;-50.5625;118.555;-999.99
AMAZOMIX;2021-09-19T15:30;4.3865;-49.7742;118.583;-999.99
ambleteuse;2005-04-18T13:33;50.8;1.567;118.73522;-999.99
ambleteuse;2005-04-18T13:33;50.8;1.567;118.73522;-999.99
ambleteuse;2006-03-29T00:00;50.8;1.593;118.93056;-999.99
ambleteuse;2006-03-29T00:00;50.8;1.593;118.93056;-999.99
Black_Carbon2012;2012-10-16T05:25;20.8435;107.1934;119.1;0.1866
Black_Carbon2012;2012-10-16T05:25;20.8435;107.1934;119.1;0.1866
Guyane2010;2010-10-21T15:02;4.87383;-52.2246;119.11492;0.56786233
Guyane2010;2010-10-21T15:02;4.87383;-52.2246;119.11492;0.56786233
VITEL2013;2013-07-06T01:40;20.8483;107.068;119.35;0.5297
VITEL2013;2013-07-06T01:40;20.8483;107.068;119.35;0.5297
Guyane_radiale;2014-11-18T14:10;5.1376;-52.03;119.376305;0.4606
Guyane_radiale;2014-11-18T14:10;5.1376;-52.03;119.376305;0.4606
ambleteuse;2005-04-18T13:16;50.8;1.538;119.44444;-999.99
ambleteuse;2005-04-18T13:16;50.8;1.538;119.44444;-999.99
Moore_gulf_of_maine;2007-02-21T19:00;43.754818;-69.781166;119.61771;-999
Moore_gulf_of_maine;2007-02-21T19:00;43.754818;-69.781166;119.61771;-999
VITEL2011;2011-11-15T03:30;20.7628;106.8572;119.75;0.25330833
VITEL2011;2011-11-15T03:30;20.7628;106.8572;119.75;0.25330833
Guyane_Nov2017;2017-11-07T17:40;5.04703;-52.1083;119.80556;0.18995374
Guyane_Nov2017;2017-11-07T17:40;5.04703;-52.1083;119.80556;0.18995374
VITEL2014;2014-07-09T04:30;20.574316;106.9575;119.879;0.22560188
VITEL2014;2014-07-09T04:30;20.574316;106.9575;119.879;0.22560188
ambleteuse;2006-05-29T07:59;50.8;1.567;120.12963;-999.99
ambleteuse;2006-05-29T07:59;50.8;1.567;120.12963;-999.99
Guyane2012;2012-06-05T18:37;4.9146886;-52.19449;120.13;-999.99
Guyane2012;2012-06-05T18:37;4.9146886;-52.19449;120.13;-999.99
Moore_gulf_of_maine;2004-10-29T20:46;43.05398;-70.659134;120.26131;4.013541
Moore_gulf_of_maine;2004-10-29T20:46;43.05398;-70.659134;120.26131;4.013541
ambleteuse;2006-03-02T08:58;50.8;1.593;120.30556;-999.99
ambleteuse;2006-03-02T08:58;50.8;1.593;120.30556;-999.99
ambleteuse;2004-05-07T09:05;50.8;1.463;120.42862;-999.99
ambleteuse;2004-05-07T09:05;50.8;1.463;120.42862;-999.99
ambleteuse;2004-05-07T09:05;50.8;1.463;120.42862;-999.99
ambleteuse;2004-05-07T09:05;50.8;1.463;120.42862;-999.99
VITEL2014;2014-07-06T08:55;20.411818;106.95628;120.487;0.14476658
VITEL2014;2014-07-06T08:55;20.411818;106.95628;120.487;0.14476658
VITEL2014;2014-07-07T02:30;20.216116;106.89805;120.657;0.10287501
VITEL2014;2014-07-07T02:30;20.216116;106.89805;120.657;0.10287501
Moore_gulf_of_maine;2005-07-13T12:21;43.180832;-70.429;121.40298;1.188982
Moore_gulf_of_maine;2005-07-13T12:21;43.180832;-70.429;121.40298;1.188982
VITEL2014;2014-07-10T07:40;20.871866;107.08853;121.48;0.2022034
VITEL2014;2014-07-10T07:40;20.871866;107.08853;121.48;0.2022034
VITEL2011;2011-11-15T05:26;20.8099;106.8383;121.57688;0.37860835
VITEL2011;2011-11-15T05:26;20.8099;106.8383;121.57688;0.37860835
VITEL2014;2014-07-06T04:55;20.56945;106.8176;121.755;0.20370035
VITEL2014;2014-07-06T04:55;20.56945;106.8176;121.755;0.20370035
VITEL2011;2011-11-16T07:30;20.8294;106.821;122.446686;0.32681024
VITEL2011;2011-11-16T07:30;20.8294;106.821;122.446686;0.32681024
VITEL2014;2014-07-06T04:30;20.598116;106.80662;122.631;0.4166127
VITEL2014;2014-07-06T04:30;20.598116;106.80662;122.631;0.4166127
Dyphyma;2012-04-20T06:48;50.7858;1.41117;122.65935;0.193
Dyphyma;2012-04-20T06:48;50.7858;1.41117;122.65935;0.193
Guyane_Nov2017;2017-11-09T10:50;5.450527;-52.708393;122.916664;0.22927977
Guyane_Nov2017;2017-11-09T10:50;5.450527;-52.708393;122.916664;0.22927977
Guyane2012;2012-06-04T19:07;4.54251;-51.74124;123.09;0.97775775
Guyane2012;2012-06-04T19:07;4.54251;-51.74124;123.09;0.97775775
Dyphyma;2012-04-21T15:25;50.7928;1.56767;123.12985;0.2137
Dyphyma;2012-04-21T15:25;50.7928;1.56767;123.12985;0.2137
Black_Carbon2013;2013-05-18T11:18;20.9657;107.0654;123.24;0.3931978
Black_Carbon2013;2013-05-18T11:18;20.9657;107.0654;123.24;0.3931978
Moore_gulf_of_maine;2007-07-19T12:45;43.1799;-70.428085;123.535225;-999.99
Moore_gulf_of_maine;2007-07-19T12:45;43.1799;-70.428085;123.535225;-999.99
Guyane2016;2016-11-29T14:52;4.8966665;-52.203888;123.638885;0.7656428
Guyane2016;2016-11-29T14:52;4.8966665;-52.203888;123.638885;0.7656428
VITEL2014;2014-07-06T02:30;20.653116;106.85056;123.794;0.39024335
VITEL2014;2014-07-06T02:30;20.653116;106.85056;123.794;0.39024335
VITEL2013;2013-06-28T07:05;20.6888;106.882;123.82;0.3685
VITEL2013;2013-06-28T07:05;20.6888;106.882;123.82;0.3685
Black_Carbon2013;2013-05-15T09:48;20.9755;107.2811;124.04;0.52819043
Black_Carbon2013;2013-05-15T09:48;20.9755;107.2811;124.04;0.52819043
VITEL2014;2014-07-08T07:20;20.475433;106.7978;124.186;0.21929166
VITEL2014;2014-07-08T07:20;20.475433;106.7978;124.186;0.21929166
Moore_gulf_of_maine;2004-10-06T16:53;41.159576;-70.56646;124.32774;1.323422
Moore_gulf_of_maine;2004-10-06T16:53;41.159576;-70.56646;124.32774;1.323422
Guyane_radiale;2014-08-20T12:01;4.98623;-52.1478;124.388435;0.16121
Guyane_radiale;2014-08-20T12:01;4.98623;-52.1478;124.388435;0.16121
Moore_gulf_of_maine;2007-09-13T16:50;42.6987;-69.7818;124.44932;-999.99
Moore_gulf_of_maine;2007-09-13T16:50;42.6987;-69.7818;124.44932;-999.99
Guyane_radiale;2015-08-25T12:48;5.029;-52.1153;124.46686;0.2836375
Guyane_radiale;2015-08-25T12:48;5.029;-52.1153;124.46686;0.2836375
VITEL2011;2011-11-14T05:31;20.7273;106.8133;124.55106;0.3060829
VITEL2011;2011-11-14T05:31;20.7273;106.8133;124.55106;0.3060829
Black_Carbon2012;2012-10-15T09:41;20.857;107.0519;124.72;0.169
Black_Carbon2012;2012-10-15T09:41;20.857;107.0519;124.72;0.169
VITEL2011;2011-11-16T06:00;20.8294;106.821;124.81762;0.40754166
VITEL2011;2011-11-16T06:00;20.8294;106.821;124.81762;0.40754166
Guyane_radiale;2014-09-17T15:15;5.1376;-52.03;124.87854;0.02303
Guyane_radiale;2014-09-17T15:15;5.1376;-52.03;124.87854;0.02303
VITEL2011;2011-11-16T10:30;20.8294;106.821;124.97194;0.46639165
VITEL2011;2011-11-16T10:30;20.8294;106.821;124.97194;0.46639165
VITEL2011;2011-11-16T12:00;20.8294;106.821;125.14;0.41601494
VITEL2011;2011-11-16T12:00;20.8294;106.821;125.14;0.41601494
VITEL2011;2011-11-16T13:30;20.8294;106.821;125.14;0.4424573
VITEL2011;2011-11-16T13:30;20.8294;106.821;125.14;0.4424573
ambleteuse;2006-03-29T07:09;50.8;1.567;125.20834;-999.99
ambleteuse;2006-03-29T07:09;50.8;1.567;125.20834;-999.99
VITEL2014;2014-07-09T06:15;20.573284;106.99623;125.728;0.13099463
VITEL2014;2014-07-09T06:15;20.573284;106.99623;125.728;0.13099463
VITEL2011;2011-11-15T05:26;20.8099;106.8383;126.0101;0.30867764
VITEL2011;2011-11-15T05:26;20.8099;106.8383;126.0101;0.30867764
Guyane2012;2012-06-02T16:46;4.773;-52.031754;126.25;1.3730898
Guyane2012;2012-06-02T16:46;4.773;-52.031754;126.25;1.3730898
Moore_gulf_of_maine;2007-04-10T14:55;42.939865;-70.29522;126.4398;-999.99
Moore_gulf_of_maine;2007-04-10T14:55;42.939865;-70.29522;126.4398;-999.99
Black_Carbon2013;2013-05-15T04:58;20.8941;107.1723;126.64;0.34004083
Black_Carbon2013;2013-05-15T04:58;20.8941;107.1723;126.64;0.34004083
Guyane_radiale;2015-06-12T13:54;5.0808;-52.0742;126.79975;0.25751728
Guyane_radiale;2015-06-12T13:54;5.0808;-52.0742;126.79975;0.25751728
Guyane2016;2016-11-29T12:44;4.959722;-52.158333;128.08333;0.3535105
Guyane2016;2016-11-29T12:44;4.959722;-52.158333;128.08333;0.3535105
VITEL2011;2011-11-15T08:27;20.8504;106.757;128.45117;0.426329
VITEL2011;2011-11-15T08:27;20.8504;106.757;128.45117;0.426329
AMAZOMIX;2021-09-25T15:20;1.2975;-48.1975;128.5;-999.99
AMAZOMIX;2021-09-17T10:30;4.1063;-50.4843;128.583;-999.99
VITEL2014;2014-07-08T06:00;20.436533;106.759636;128.799;0.19382048
VITEL2014;2014-07-08T06:00;20.436533;106.759636;128.799;0.19382048
VITEL2011;2011-11-07T06:31;20.9026;107.0316;128.95622;0.23189166
VITEL2011;2011-11-07T06:31;20.9026;107.0316;128.95622;0.23189166
Guyane_radiale;2014-11-18T11:20;4.94257;-52.1823;129.02156;0.55272
Guyane_radiale;2014-11-18T11:20;4.94257;-52.1823;129.02156;0.55272
Black_Carbon2013;2013-05-15T06:46;20.8453;107.2415;129.32;0.24749391
Black_Carbon2013;2013-05-15T06:46;20.8453;107.2415;129.32;0.24749391
Guyane_radiale;2014-12-16T11:05;4.8901;-52.2235;129.53127;0.7160236
Guyane_radiale;2014-12-16T11:05;4.8901;-52.2235;129.53127;0.7160236
Guyane2012;2012-06-02T20:32;4.682186;-51.950558;129.56;1.0272342
Guyane2012;2012-06-02T20:32;4.682186;-51.950558;129.56;1.0272342
ambleteuse;2007-03-13T07:25;50.8;1.567;129.66667;-999.99
ambleteuse;2007-03-13T07:25;50.8;1.567;129.66667;-999.99
AMAZOMIX;2021-09-24T15:15;2.4315;-48.7507;129.972;-999.99
Black_Carbon2013;2013-05-18T15:29;20.9657;107.0654;129.99;0.5050135
Black_Carbon2013;2013-05-18T15:29;20.9657;107.0654;129.99;0.5050135
Moore_gulf_of_maine;2005-01-30T19:50;42.9935;-70.423836;130.01324;0.458857
Moore_gulf_of_maine;2005-01-30T19:50;42.9935;-70.423836;130.01324;0.458857
VITEL2011;2011-11-16T09:00;20.8294;106.821;130.3872;0.41548538
VITEL2011;2011-11-16T09:00;20.8294;106.821;130.3872;0.41548538
VITEL2011;2011-11-15T06:31;20.8294;106.8213;130.41527;0.44803333
VITEL2011;2011-11-15T06:31;20.8294;106.8213;130.41527;0.44803333
VITEL2011;2011-11-17T01:30;20.8294;106.821;130.63972;0.3791762
VITEL2011;2011-11-17T01:30;20.8294;106.821;130.63972;0.3791762
Moore_gulf_of_maine;2007-02-22T17:45;42.86112;-69.86272;130.65059;-999.99
Moore_gulf_of_maine;2007-02-22T17:45;42.86112;-69.86272;130.65059;-999.99
Guyane_radiale;2015-08-25T15:10;5.1376;-52.03;130.65524;0.46838415
Guyane_radiale;2015-08-25T15:10;5.1376;-52.03;130.65524;0.46838415
ambleteuse;2005-04-25T10:18;50.8;1.567;130.85106;-999.99
ambleteuse;2005-04-25T10:18;50.8;1.567;130.85106;-999.99
VITEL2014;2014-06-20T04:25;10.24;107.1057;132.309;0.21277417
VITEL2014;2014-06-20T04:25;10.24;107.1057;132.309;0.21277417
VITEL2011;2011-11-15T08:27;20.8504;106.757;132.63188;0.46222422
VITEL2011;2011-11-15T08:27;20.8504;106.757;132.63188;0.46222422
ambleteuse;2005-03-22T16:17;50.8;1.567;133.09692;-999.99
ambleteuse;2005-03-22T16:17;50.8;1.567;133.09692;-999.99
Guyane2012;2012-06-04T16:24;4.4035306;-51.65577;133.17;1.2993741
Guyane2012;2012-06-04T16:24;4.4035306;-51.65577;133.17;1.2993741
Moore_gulf_of_maine;2007-02-22T13:05;43.030582;-70.56765;133.18689;0.66258
Moore_gulf_of_maine;2007-02-22T13:05;43.030582;-70.56765;133.18689;0.66258
VITEL2013;2013-07-01T03:45;20.8203;106.906;133.47;1.2667
VITEL2013;2013-07-01T03:45;20.8203;106.906;133.47;1.2667
VITEL2014;2014-07-08T08:35;20.489532;106.848114;133.596;0.15593614
VITEL2014;2014-07-08T08:35;20.489532;106.848114;133.596;0.15593614
VITEL2011;2011-11-15T06:31;20.8294;106.8213;133.81032;0.36336818
VITEL2011;2011-11-15T06:31;20.8294;106.8213;133.81032;0.36336818
ambleteuse;2004-07-05T10:43;50.8;1.567;134.22641;-999.99
ambleteuse;2004-07-05T10:43;50.8;1.567;134.22641;-999.99
ambleteuse;2004-07-05T10:43;50.8;1.567;134.22641;-999.99
ambleteuse;2004-07-05T10:43;50.8;1.567;134.22641;-999.99
ambleteuse;2005-04-11T11:20;50.8;1.593;134.63358;-999.99
ambleteuse;2005-04-11T11:20;50.8;1.593;134.63358;-999.99
Moore_gulf_of_maine;2004-10-06T18:40;41.316517;-70.5662;134.75932;1.305104
Moore_gulf_of_maine;2004-10-06T18:40;41.316517;-70.5662;134.75932;1.305104
VITEL2011;2011-11-16T04:30;20.8294;106.821;134.84848;0.40473577
VITEL2011;2011-11-16T04:30;20.8294;106.821;134.84848;0.40473577
VITEL2014;2014-07-09T02:30;20.652267;106.84808;135.465;0.4153921
VITEL2014;2014-07-09T02:30;20.652267;106.84808;135.465;0.4153921
Moore_gulf_of_maine;2005-10-19T17:10;43.182835;-70.4275;135.96864;-999.99
Moore_gulf_of_maine;2005-10-19T17:10;43.182835;-70.4275;135.96864;-999.99
Guyane_Nov2017;2017-11-07T14:45;4.828118;-51.986637;136.02777;0.3300821
Guyane_Nov2017;2017-11-07T14:45;4.828118;-51.986637;136.02777;0.3300821
VITEL2013;2013-06-29T07:10;20.8319;106.82;136.05;1.6674
VITEL2013;2013-06-29T07:10;20.8319;106.82;136.05;1.6674
Moore_gulf_of_maine;2006-09-14T17:15;42.88893;-70.14042;136.52176;1.279875
Moore_gulf_of_maine;2006-09-14T17:15;42.88893;-70.14042;136.52176;1.279875
VITEL2014;2014-07-05T05:30;20.8161;106.903;136.733;0.668653
VITEL2014;2014-07-05T05:30;20.8161;106.903;136.733;0.668653
Black_Carbon2013;2013-05-16T17:11;20.9755;107.281;136.78;0.2310737
Black_Carbon2013;2013-05-16T17:11;20.9755;107.281;136.78;0.2310737
Moore_gulf_of_maine;2007-05-07T13:20;43.1802;-70.427864;136.97092;-999.99
Moore_gulf_of_maine;2007-05-07T13:20;43.1802;-70.427864;136.97092;-999.99
ambleteuse;2006-05-03T08:11;50.8;1.567;137.61574;-999.99
ambleteuse;2006-05-03T08:11;50.8;1.567;137.61574;-999.99
VITEL2013;2013-07-01T06:05;20.8208;106.89;137.64;0.6725
VITEL2013;2013-07-01T06:05;20.8208;106.89;137.64;0.6725
AMAZOMIX;2021-09-27T13:46;3.648;-50.025665;137.75;-999.99
Moore_gulf_of_maine;2007-04-10T17:58;42.86207;-69.8623;137.75848;-999.99
Moore_gulf_of_maine;2007-04-10T17:58;42.86207;-69.8623;137.75848;-999.99
VITEL2014;2014-07-07T08:15;20.254517;106.645584;138.013;0.4201363
VITEL2014;2014-07-07T08:15;20.254517;106.645584;138.013;0.4201363
Moore_gulf_of_maine;2007-09-13T17:17;43.7562;-69.782;138.36934;-999.99
Moore_gulf_of_maine;2007-09-13T17:17;43.7562;-69.782;138.36934;-999.99
Guyane_Nov2017;2017-11-07T19:50;4.859245;-52.244038;139.16667;0.91193736
Guyane_Nov2017;2017-11-07T19:50;4.859245;-52.244038;139.16667;0.91193736
Black_Carbon2012;2012-10-17T05:39;20.8453;107.2415;139.17;0.1291
Black_Carbon2012;2012-10-17T05:39;20.8453;107.2415;139.17;0.1291
VITEL2011;2011-11-16T15:00;20.8294;106.821;139.30977;0.55290836
VITEL2011;2011-11-16T15:00;20.8294;106.821;139.30977;0.55290836
Moore_gulf_of_maine;2007-05-02T18:29;43.023968;-70.54303;139.34329;-999.99
Moore_gulf_of_maine;2007-05-02T18:29;43.023968;-70.54303;139.34329;-999.99
Moore_gulf_of_maine;2006-08-16T12:30;43.17975;-70.42747;139.5152;-999.99
Moore_gulf_of_maine;2006-08-16T12:30;43.17975;-70.42747;139.5152;-999.99
Radiale_Wimereux_Cote_de_la_M;2004-06-18T09:04;50.8;1.538;139.52406;-999.99
Radiale_Wimereux_Cote_de_la_M;2004-06-18T09:04;50.8;1.538;139.52406;-999.99
Guyane_Nov2017;2017-11-11T13:20;5.50854;-53.040623;139.75;0.904197
Guyane_Nov2017;2017-11-11T13:20;5.50854;-53.040623;139.75;0.904197
Radiale_Wimereux_Cote_de_la_M;2004-06-18T08:11;50.8;1.567;140.59126;-999.99
Radiale_Wimereux_Cote_de_la_M;2004-06-18T08:11;50.8;1.567;140.59126;-999.99
ambleteuse;2004-05-07T08:41;50.8;1.435;140.8427;-999.99
ambleteuse;2004-05-07T08:41;50.8;1.435;140.8427;-999.99
ambleteuse;2004-05-07T08:41;50.8;1.435;140.8427;-999.99
ambleteuse;2004-05-07T08:41;50.8;1.435;140.8427;-999.99
Moore_gulf_of_maine;2005-05-10T16:30;42.86067;-69.86183;141.00536;-999.99
Moore_gulf_of_maine;2005-05-10T16:30;42.86067;-69.86183;141.00536;-999.99
Guyane_Nov2017;2017-11-07T13:50;4.765347;-52.026325;141.02777;0.787018
Guyane_Nov2017;2017-11-07T13:50;4.765347;-52.026325;141.02777;0.787018
AMAZOMIX;2021-09-17T19:04;4.1265;-50.0388;141.667;-999.99
ambleteuse;2006-05-03T08:36;50.8;1.593;141.75926;-999.99
ambleteuse;2006-05-03T08:36;50.8;1.593;141.75926;-999.99
Black_Carbon2012;2012-10-16T09:39;20.9329;107.1385;141.96;0.1491
Black_Carbon2012;2012-10-16T09:39;20.9329;107.1385;141.96;0.1491
VITEL2013;2013-06-29T03:05;20.763;106.857;142.09;0.8844
VITEL2013;2013-06-29T03:05;20.763;106.857;142.09;0.8844
Moore_gulf_of_maine;2007-05-07T16:15;43.567368;-70.05828;142.72855;-999.99
Moore_gulf_of_maine;2007-05-07T16:15;43.567368;-70.05828;142.72855;-999.99
ambleteuse;2005-05-09T09:35;50.8;1.567;142.9669;-999.99
ambleteuse;2005-05-09T09:35;50.8;1.567;142.9669;-999.99
VITEL2014;2014-06-27T03:45;10.5609;106.8979;143.11;0.76289177
VITEL2014;2014-06-27T03:45;10.5609;106.8979;143.11;0.76289177
AMAZOMIX;2021-09-24T10:05;2.4525;-48.9877;143.222;-999.99
VITEL2011;2011-11-15T09:09;20.8526;106.7629;143.26599;0.42378777
VITEL2011;2011-11-15T09:09;20.8526;106.7629;143.26599;0.42378777
Guyane2012;2012-06-03T19:19;4.646687;-51.755642;143.9;0.71611756
Guyane2012;2012-06-03T19:19;4.646687;-51.755642;143.9;0.71611756
Guyane2012;2012-06-03T14:45;4.7509418;-51.787212;144.18;0.85046
Guyane2012;2012-06-03T14:45;4.7509418;-51.787212;144.18;0.85046
ambleteuse;2005-04-11T10:45;50.8;1.538;144.91725;-999.99
ambleteuse;2005-04-11T10:45;50.8;1.538;144.91725;-999.99
Black_Carbon2012;2012-10-16T07:01;20.8331;107.1363;145.38;0.1321
Black_Carbon2012;2012-10-16T07:01;20.8331;107.1363;145.38;0.1321
VITEL2013;2013-06-30T04:20;20.8811;106.753;145.42;0.9442
VITEL2013;2013-06-30T04:20;20.8811;106.753;145.42;0.9442
Moore_gulf_of_maine;2007-04-26T15:35;42.94095;-70.2944;145.53482;-999.99
Moore_gulf_of_maine;2007-04-26T15:35;42.94095;-70.2944;145.53482;-999.99
VITEL2013;2013-06-30T03:40;20.8644;106.757;145.56;0.8084
VITEL2013;2013-06-30T03:40;20.8644;106.757;145.56;0.8084
VITEL2013;2013-07-05T07:30;20.8319;106.896;146.29;0.7139
VITEL2013;2013-07-05T07:30;20.8319;106.896;146.29;0.7139
Dyphyma;2012-04-29T16:14;50.5657;1.54628;146.30197;0.1909
Dyphyma;2012-04-29T16:14;50.5657;1.54628;146.30197;0.1909
Moore_gulf_of_maine;2007-04-10T11:50;43.030483;-70.56738;146.39963;-999.99
Moore_gulf_of_maine;2007-04-10T11:50;43.030483;-70.56738;146.39963;-999.99
Moore_gulf_of_maine;2007-04-26T14:15;42.9941;-70.42105;146.58559;-999.99
Moore_gulf_of_maine;2007-04-26T14:15;42.9941;-70.42105;146.58559;-999.99
Guyane_radiale;2014-11-18T10:45;4.8901;-52.2235;146.9267;0.66787
Guyane_radiale;2014-11-18T10:45;4.8901;-52.2235;146.9267;0.66787
Radiale_Wimereux_Cote_de_la_M;2004-02-15T07:07;50.8;1.567;147.5511;-999.99
Radiale_Wimereux_Cote_de_la_M;2004-02-15T07:07;50.8;1.567;147.5511;-999.99
Guyane2012;2012-06-03T18:02;4.6840053;-51.724262;147.69;0.6699423
Guyane2012;2012-06-03T18:02;4.6840053;-51.724262;147.69;0.6699423
Moore_gulf_of_maine;2007-06-18T13:20;42.99573;-70.421814;147.77058;-999.99
Moore_gulf_of_maine;2007-06-18T13:20;42.99573;-70.421814;147.77058;-999.99
VITEL2011;2011-11-16T18:00;20.8294;106.821;147.9798;2.6086416
VITEL2011;2011-11-16T18:00;20.8294;106.821;147.9798;2.6086416
Guyane2016;2016-11-29T15:29;4.866389;-52.235832;148.375;0.8436622
Guyane2016;2016-11-29T15:29;4.866389;-52.235832;148.375;0.8436622
Guyane_Nov2017;2017-11-07T12:45;4.677662;-51.956383;148.5;0.7774214
Guyane_Nov2017;2017-11-07T12:45;4.677662;-51.956383;148.5;0.7774214
VITEL2014;2014-07-12T03:50;20.793234;106.91853;148.508;0.7346109
VITEL2014;2014-07-12T03:50;20.793234;106.91853;148.508;0.7346109
VITEL2013;2013-07-01T02:05;20.8152;106.898;148.6;0.6448
VITEL2013;2013-07-01T02:05;20.8152;106.898;148.6;0.6448
Moore_gulf_of_maine;2007-08-20T22:10;43.053616;-70.65902;148.79218;-999.99
Moore_gulf_of_maine;2007-08-20T22:10;43.053616;-70.65902;148.79218;-999.99
VITEL2011;2011-11-15T09:09;20.8526;106.7629;148.82155;0.54483336
VITEL2011;2011-11-15T09:09;20.8526;106.7629;148.82155;0.54483336
VITEL2013;2013-07-05T04:40;20.7907;106.916;149.21;0.6471
VITEL2013;2013-07-05T04:40;20.7907;106.916;149.21;0.6471
Radiale_Wimereux_Cote_de_la_M;2004-06-18T11:18;50.8;1.435;149.43745;-999.99
Radiale_Wimereux_Cote_de_la_M;2004-06-18T11:18;50.8;1.435;149.43745;-999.99
Moore_gulf_of_maine;2006-10-09T16:15;42.94005;-70.293785;149.94243;-999.99
Moore_gulf_of_maine;2006-10-09T16:15;42.94005;-70.293785;149.94243;-999.99
Moore_gulf_of_maine;2006-10-25T11:55;43.053318;-70.65982;150.434;0.229589
Moore_gulf_of_maine;2006-10-25T11:55;43.053318;-70.65982;150.434;0.229589
VITEL2014;2014-07-06T07:25;20.477783;106.89999;150.756;0.3099838
VITEL2014;2014-07-06T07:25;20.477783;106.89999;150.756;0.3099838
Moore_gulf_of_maine;2006-08-16T14:30;43.3754;-70.25955;150.86583;-999.99
Moore_gulf_of_maine;2006-08-16T14:30;43.3754;-70.25955;150.86583;-999.99
Moore_gulf_of_maine;2004-09-08T20:12;42.937668;-70.29698;150.8756;-999.99
Moore_gulf_of_maine;2004-09-08T20:12;42.937668;-70.29698;150.8756;-999.99
VITEL2014;2014-07-05T04:30;20.814884;106.83567;151.017;0.66388583
VITEL2014;2014-07-05T04:30;20.814884;106.83567;151.017;0.66388583
Guyane2012;2012-06-05T16:50;4.986616;-52.142735;151.11;0.60363567
Guyane2012;2012-06-05T16:50;4.986616;-52.142735;151.11;0.60363567
Moore_gulf_of_maine;2005-08-16T11:42;43.05462;-70.658066;151.40416;2.247778
Moore_gulf_of_maine;2005-08-16T11:42;43.05462;-70.658066;151.40416;2.247778
Guyane_radiale;2015-08-25T11:18;4.94257;-52.1823;152.29823;0.50670606
Guyane_radiale;2015-08-25T11:18;4.94257;-52.1823;152.29823;0.50670606
Moore_gulf_of_maine;2005-05-11T18:10;43.611;-69.62967;152.44772;47.634895
Moore_gulf_of_maine;2005-05-11T18:10;43.611;-69.62967;152.44772;47.634895
Moore_gulf_of_maine;2005-02-14T15:00;43.030167;-70.570335;152.70026;0.61943
Moore_gulf_of_maine;2005-02-14T15:00;43.030167;-70.570335;152.70026;0.61943
ambleteuse;2005-02-25T11:48;50.8;1.593;152.7305;-999.99
ambleteuse;2005-02-25T11:48;50.8;1.593;152.7305;-999.99
Dyphyma;2012-04-27T16:06;50.7934;1.4004;153.86919;0.1928
Dyphyma;2012-04-27T16:06;50.7934;1.4004;153.86919;0.1928
Moore_gulf_of_maine;2007-07-17T14:55;42.94315;-70.30203;153.93646;-999.99
Moore_gulf_of_maine;2007-07-17T14:55;42.94315;-70.30203;153.93646;-999.99
Moore_gulf_of_maine;2006-07-18T20:10;42.888733;-70.142136;154.05452;-999
Moore_gulf_of_maine;2006-07-18T20:10;42.888733;-70.142136;154.05452;-999
Guyane_radiale;2015-01-16T12:20;4.94257;-52.1823;154.08875;0.66787
Guyane_radiale;2015-01-16T12:20;4.94257;-52.1823;154.08875;0.66787
Radiale_Wimereux_Cote_de_la_M;2004-06-18T00:00;50.8;1.463;154.78432;-999.99
Radiale_Wimereux_Cote_de_la_M;2004-06-18T00:00;50.8;1.463;154.78432;-999.99
VITEL2013;2013-06-29T05:25;20.8117;106.837;155.23;0.8521
VITEL2013;2013-06-29T05:25;20.8117;106.837;155.23;0.8521
Moore_gulf_of_maine;2004-06-16T19:45;43.056366;-70.655334;155.88376;-999.99
Moore_gulf_of_maine;2004-06-16T19:45;43.056366;-70.655334;155.88376;-999.99
Guyane2012;2012-06-02T21:11;4.626645;-51.947544;155.99;1.508902
Guyane2012;2012-06-02T21:11;4.626645;-51.947544;155.99;1.508902
Moore_gulf_of_maine;2007-02-22T16:20;42.888233;-70.15445;156.52081;-999.99
Moore_gulf_of_maine;2007-02-22T16:20;42.888233;-70.15445;156.52081;-999.99
VITEL2014;2014-07-12T04:30;20.814983;106.90507;156.768;0.681688
VITEL2014;2014-07-12T04:30;20.814983;106.90507;156.768;0.681688
VITEL2014;2014-07-08T04:00;20.385033;106.73482;156.951;0.33750466
VITEL2014;2014-07-08T04:00;20.385033;106.73482;156.951;0.33750466
Moore_gulf_of_maine;2004-09-08T17:05;42.815666;-70.72633;157.12444;-999.99
Moore_gulf_of_maine;2004-09-08T17:05;42.815666;-70.72633;157.12444;-999.99
Guyane_radiale;2014-11-18T10:25;4.84763;-52.2573;157.89195;0.73696
Guyane_radiale;2014-11-18T10:25;4.84763;-52.2573;157.89195;0.73696
Radiale_Wimereux_Cote_de_la_M;2004-02-15T09:47;50.8;1.491;157.91357;-999.99
Radiale_Wimereux_Cote_de_la_M;2004-02-15T09:47;50.8;1.491;157.91357;-999.99
Guyane2012;2012-06-03T21:12;4.5475435;-51.743034;158.26;-999.99
Guyane2012;2012-06-03T21:12;4.5475435;-51.743034;158.26;-999.99
Guyane2012;2012-06-02T21:47;4.5744057;-51.9477;158.26;2.4208214
Guyane2012;2012-06-02T21:47;4.5744057;-51.9477;158.26;2.4208214
ambleteuse;2005-04-11T11:00;50.8;1.567;158.27423;-999.99
ambleteuse;2005-04-11T11:00;50.8;1.567;158.27423;-999.99
AMAZOMIX;2021-09-27T11:46;3.4229333;-49.7897;158.333;-999.99
Guyane_radiale;2015-08-25T14:10;5.0808;-52.0742;158.49315;-0.01591373
Guyane_radiale;2015-08-25T14:10;5.0808;-52.0742;158.49315;-0.01591373
VITEL2013;2013-07-01T07:50;20.8216;106.828;158.56;0.8498
VITEL2013;2013-07-01T07:50;20.8216;106.828;158.56;0.8498
VITEL2013;2013-06-30T07:15;20.8579;106.739;158.58;0.8061
VITEL2013;2013-06-30T07:15;20.8579;106.739;158.58;0.8061
VITEL2014;2014-06-20T07:05;10.1689;107.2988;159.147;0.24017987
VITEL2014;2014-06-20T07:05;10.1689;107.2988;159.147;0.24017987
Moore_gulf_of_maine;2005-01-19T13:45;43.18133;-70.42633;159.1501;0.591343
Moore_gulf_of_maine;2005-01-19T13:45;43.18133;-70.42633;159.1501;0.591343
Black_Carbon2012;2012-10-17T08:53;20.9755;107.2811;159.9;0.1181
Black_Carbon2012;2012-10-17T08:53;20.9755;107.2811;159.9;0.1181
Guyane_radiale;2014-07-22T15:05;4.98623;-52.1478;160.04842;0.5485327
Guyane_radiale;2014-07-22T15:05;4.98623;-52.1478;160.04842;0.5485327
AMAZOMIX;2021-09-25T10:00;1.3905;-48.3107;160.375;-999.99
VITEL2014;2014-07-08T02:30;20.332233;106.70216;160.441;0.3580474
VITEL2014;2014-07-08T02:30;20.332233;106.70216;160.441;0.3580474
Guyane_radiale;2015-09-17T17:30;4.84763;-52.2573;161.04169;1.0945468
Guyane_radiale;2015-09-17T17:30;4.84763;-52.2573;161.04169;1.0945468
VITEL2013;2013-06-30T08:05;20.8346;106.79;161.39;0.9143
VITEL2013;2013-06-30T08:05;20.8346;106.79;161.39;0.9143
ambleteuse;2006-04-26T00:00;50.8;1.593;162.36111;-999.99
ambleteuse;2006-04-26T00:00;50.8;1.593;162.36111;-999.99
ambleteuse;2005-03-14T15:43;50.8;1.538;162.82506;-999.99
ambleteuse;2005-03-14T15:43;50.8;1.538;162.82506;-999.99
Guyane2010;2010-10-21T16:29;4.92417;-52.22955;163.22429;0.39586613
Guyane2010;2010-10-21T16:29;4.92417;-52.22955;163.22429;0.39586613
Guyane2010;2010-10-21T13:58;4.84887;-52.28107;164.00847;0.66800475
Guyane2010;2010-10-21T13:58;4.84887;-52.28107;164.00847;0.66800475
VITEL2014;2014-06-19T02:45;10.6383;106.7701;164.453;0.69094604
VITEL2014;2014-06-19T02:45;10.6383;106.7701;164.453;0.69094604
ambleteuse;2006-04-14T07:37;50.8;1.567;164.49074;-999.99
ambleteuse;2006-04-14T07:37;50.8;1.567;164.49074;-999.99
Guyane_Nov2017;2017-11-08T16:40;5.158137;-52.62337;165.19444;1.2043515
Guyane_Nov2017;2017-11-08T16:40;5.158137;-52.62337;165.19444;1.2043515
Moore_gulf_of_maine;2004-10-29T16:53;42.861217;-69.86128;166.06062;1.093465
Moore_gulf_of_maine;2004-10-29T16:53;42.861217;-69.86128;166.06062;1.093465
VITEL2014;2014-06-19T04:15;10.583;106.7521;166.067;1.1109442
VITEL2014;2014-06-19T04:15;10.583;106.7521;166.067;1.1109442
Moore_gulf_of_maine;2005-07-13T14:57;43.57083;-70.0595;166.69727;1.108836
Moore_gulf_of_maine;2005-07-13T14:57;43.57083;-70.0595;166.69727;1.108836
Dyphyma;2012-04-20T08:42;50.7934;1.56932;166.72952;0.2476
Dyphyma;2012-04-20T08:42;50.7934;1.56932;166.72952;0.2476
Moore_gulf_of_maine;2007-04-26T12:05;43.032066;-70.56883;166.83281;-999.99
Moore_gulf_of_maine;2007-04-26T12:05;43.032066;-70.56883;166.83281;-999.99
Black_Carbon2012;2012-10-16T02:34;20.7623;107.1462;167.02;0.1618
Black_Carbon2012;2012-10-16T02:34;20.7623;107.1462;167.02;0.1618
Moore_gulf_of_maine;2007-05-10T13:18;44.14963;-68.937416;167.3435;-999.99
Moore_gulf_of_maine;2007-05-10T13:18;44.14963;-68.937416;167.3435;-999.99
VITEL2013;2013-07-06T03:00;20.8867;107.029;167.85;0.5067
VITEL2013;2013-07-06T03:00;20.8867;107.029;167.85;0.5067
VITEL2014;2014-06-19T05:10;10.5271;106.7485;168.125;0.79250836
VITEL2014;2014-06-19T05:10;10.5271;106.7485;168.125;0.79250836
Moore_gulf_of_maine;2005-10-18T16:45;43.56867;-70.0575;168.56667;1.073793
Moore_gulf_of_maine;2005-10-18T16:45;43.56867;-70.0575;168.56667;1.073793
ambleteuse;2007-03-26T08:07;50.8;1.567;168.91667;-999.99
ambleteuse;2007-03-26T08:07;50.8;1.567;168.91667;-999.99
Guyane2012;2012-06-02T19:16;4.7532105;-51.92367;169.32;9.235072
Guyane2012;2012-06-02T19:16;4.7532105;-51.92367;169.32;9.235072
VITEL2014;2014-06-27T05:15;10.6708;106.7867;169.328;0.7391709
VITEL2014;2014-06-27T05:15;10.6708;106.7867;169.328;0.7391709
ambleteuse;2004-05-07T00:00;50.8;1.538;169.76782;-999.99
ambleteuse;2004-05-07T00:00;50.8;1.538;169.76782;-999.99
VITEL2014;2014-07-05T02:30;20.829767;106.788284;169.89;0.7939362
VITEL2014;2014-07-05T02:30;20.829767;106.788284;169.89;0.7939362
ambleteuse;2007-04-04T07:05;50.8;1.567;170;-999.99
ambleteuse;2007-04-04T07:05;50.8;1.567;170;-999.99
VITEL2014;2014-07-05T03:45;20.8309;106.82433;170.243;0.71075183
VITEL2014;2014-07-05T03:45;20.8309;106.82433;170.243;0.71075183
Moore_gulf_of_maine;2004-09-08T18:20;42.848267;-70.31213;170.94041;-999.99
Moore_gulf_of_maine;2004-09-08T18:20;42.848267;-70.31213;170.94041;-999.99
Guyane_Nov2017;2017-11-09T17:30;5.495569;-53.02525;170.97223;1.5598956
Guyane_Nov2017;2017-11-09T17:30;5.495569;-53.02525;170.97223;1.5598956
Guyane2012;2012-06-04T17:04;4.470519;-51.704597;171.33;1.743586
Guyane2012;2012-06-04T17:04;4.470519;-51.704597;171.33;1.743586
AMAZOMIX;2021-09-20T10:17;3.4468;-49.7143;172.458;-999.99
ambleteuse;2005-04-18T13:53;50.8;1.593;173.52246;-999.99
ambleteuse;2005-04-18T13:53;50.8;1.593;173.52246;-999.99
Guyane2012;2012-06-05T19:43;4.8586636;-52.246372;173.79;1.7036847
Guyane2012;2012-06-05T19:43;4.8586636;-52.246372;173.79;1.7036847
Guyane_radiale;2014-07-22T13:53;4.94257;-52.1823;173.81055;0.6469336
Guyane_radiale;2014-07-22T13:53;4.94257;-52.1823;173.81055;0.6469336
ambleteuse;2007-02-19T08:40;50.8;1.567;174.25;-999.99
ambleteuse;2007-02-19T08:40;50.8;1.567;174.25;-999.99
Guyane2012;2012-06-05T19:10;4.8865485;-52.21838;176.36;1.754427
Guyane2012;2012-06-05T19:10;4.8865485;-52.21838;176.36;1.754427
ambleteuse;2007-03-27T06:32;50.8;1.567;176.91667;-999.99
ambleteuse;2007-03-27T06:32;50.8;1.567;176.91667;-999.99
Moore_gulf_of_maine;2007-02-21T16:21;43.567333;-70.05783;177.19162;2.036796
Moore_gulf_of_maine;2007-02-21T16:21;43.567333;-70.05783;177.19162;2.036796
ambleteuse;2007-04-03T07:06;50.8;1.567;177.33333;-999.99
ambleteuse;2007-04-03T07:06;50.8;1.567;177.33333;-999.99
Moore_gulf_of_maine;2006-10-09T12:54;43.03045;-70.56997;177.55011;-999.99
Moore_gulf_of_maine;2006-10-09T12:54;43.03045;-70.56997;177.55011;-999.99
Guyane_radiale;2014-09-17T11:30;4.8901;-52.2235;178.0581;0.64484
Guyane_radiale;2014-09-17T11:30;4.8901;-52.2235;178.0581;0.64484
ambleteuse;2007-03-29T06:09;50.8;1.567;178.41667;-999.99
ambleteuse;2007-03-29T06:09;50.8;1.567;178.41667;-999.99
Moore_gulf_of_maine;2006-07-18T21:00;42.940033;-70.29328;178.8995;0.247088
Moore_gulf_of_maine;2006-07-18T21:00;42.940033;-70.29328;178.8995;0.247088
Dyphyma;2012-04-27T14:59;50.7956;1.50998;181.31502;0.1936
Dyphyma;2012-04-27T14:59;50.7956;1.50998;181.31502;0.1936
ambleteuse;2005-05-26T00:00;50.8;1.463;181.79669;-999.99
ambleteuse;2005-05-26T00:00;50.8;1.463;181.79669;-999.99
VITEL2014;2014-07-05T06:50;20.790033;106.92155;181.966;0.5763027
VITEL2014;2014-07-05T06:50;20.790033;106.92155;181.966;0.5763027
Moore_gulf_of_maine;2005-08-16T15:57;42.889;-70.144264;182.13525;-999.99
Moore_gulf_of_maine;2005-08-16T15:57;42.889;-70.144264;182.13525;-999.99
Moore_gulf_of_maine;2004-09-08T19:16;42.88983;-70.14397;182.23523;5.33423
Moore_gulf_of_maine;2004-09-08T19:16;42.88983;-70.14397;182.23523;5.33423
Moore_gulf_of_maine;2005-05-10T12:00;43.053333;-70.65783;183.30571;-999.99
Moore_gulf_of_maine;2005-05-10T12:00;43.053333;-70.65783;183.30571;-999.99
ambleteuse;2005-05-02T13:42;50.8;1.538;183.74704;-999.99
ambleteuse;2005-05-02T13:42;50.8;1.538;183.74704;-999.99
Radiale_Wimereux_Cote_de_la_M;2004-06-18T00:00;50.8;1.491;183.9898;-999.99
Radiale_Wimereux_Cote_de_la_M;2004-06-18T00:00;50.8;1.491;183.9898;-999.99
Moore_gulf_of_maine;2005-12-19T16:45;42.86207;-69.868515;184.60442;1.091672
Moore_gulf_of_maine;2005-12-19T16:45;42.86207;-69.868515;184.60442;1.091672
Guyane2012;2012-05-28T20:10;4.9955263;-52.245087;184.69;-999.99
Guyane2012;2012-05-28T20:10;4.9955263;-52.245087;184.69;-999.99
Black_Carbon2012;2012-10-18T10:48;20.9755;107.2811;185.51;0.4261
Black_Carbon2012;2012-10-18T10:48;20.9755;107.2811;185.51;0.4261
ambleteuse;2006-04-14T07:54;50.8;1.593;185.96297;-999.99
ambleteuse;2006-04-14T07:54;50.8;1.593;185.96297;-999.99
VITEL2013;2013-06-30T02:45;20.8549;106.762;186.26;0.9511
VITEL2013;2013-06-30T02:45;20.8549;106.762;186.26;0.9511
ambleteuse;2007-03-28T08:00;50.8;1.567;186.58333;-999.99
ambleteuse;2007-03-28T08:00;50.8;1.567;186.58333;-999.99
ambleteuse;2005-05-02T14:17;50.8;1.593;187.47044;-999.99
ambleteuse;2005-05-02T14:17;50.8;1.593;187.47044;-999.99
ambleteuse;2007-03-31T06:42;50.8;1.567;188.33333;-999.99
ambleteuse;2007-03-31T06:42;50.8;1.567;188.33333;-999.99
AMAZOMIX;2021-09-20T19:00;3.266;-49.5262;188.583;-999.99
VITEL2011;2011-11-16T07:30;20.8294;106.821;189.47812;0.44569167
VITEL2011;2011-11-16T07:30;20.8294;106.821;189.47812;0.44569167
Moore_gulf_of_maine;2006-08-16T15:35;43.5673;-70.05748;189.60515;-999.99
Moore_gulf_of_maine;2006-08-16T15:35;43.5673;-70.05748;189.60515;-999.99
Guyane_radiale;2015-03-24T17:05;4.94257;-52.1823;189.6115;1.17453
Guyane_radiale;2015-03-24T17:05;4.94257;-52.1823;189.6115;1.17453
VITEL2014;2014-07-12T06:05;20.831633;106.7878;190.487;0.95837045
VITEL2014;2014-07-12T06:05;20.831633;106.7878;190.487;0.95837045
VITEL2013;2013-07-06T04:45;20.8343;106.896;190.69;1.0179
VITEL2013;2013-07-06T04:45;20.8343;106.896;190.69;1.0179
Guyane_radiale;2015-06-12T11:59;4.94257;-52.1823;191.33667;4.9640117
Guyane_radiale;2015-06-12T11:59;4.94257;-52.1823;191.33667;4.9640117
Black_Carbon2012;2012-10-15T08:34;20.9018;107.0593;192.92;0.1688
Black_Carbon2012;2012-10-15T08:34;20.9018;107.0593;192.92;0.1688
Guyane_radiale;2015-08-25T10:30;4.8901;-52.2235;193.34937;1.2798232
Guyane_radiale;2015-08-25T10:30;4.8901;-52.2235;193.34937;1.2798232
ambleteuse;2007-04-14T06:11;50.8;1.567;194.16667;-999.99
ambleteuse;2007-04-14T06:11;50.8;1.567;194.16667;-999.99
ambleteuse;2005-05-02T13:58;50.8;1.567;194.50354;-999.99
ambleteuse;2005-05-02T13:58;50.8;1.567;194.50354;-999.99
ambleteuse;2007-04-13T08:38;50.8;1.567;197.5;-999.99
ambleteuse;2007-04-13T08:38;50.8;1.567;197.5;-999.99
Guyane_radiale;2014-07-22T16:45;5.029;-52.1153;199.57042;0.66787
Guyane_radiale;2014-07-22T16:45;5.029;-52.1153;199.57042;0.66787
ambleteuse;2004-05-24T10:26;50.8;1.567;199.89967;-999.99
ambleteuse;2004-05-24T10:26;50.8;1.567;199.89967;-999.99
Moore_gulf_of_maine;2005-06-17T13:35;42.994835;-70.424;200.43874;0.721622
Moore_gulf_of_maine;2005-06-17T13:35;42.994835;-70.424;200.43874;0.721622
Moore_gulf_of_maine;2007-06-18T17:25;42.86255;-69.8625;202.42776;-999.99
Moore_gulf_of_maine;2007-06-18T17:25;42.86255;-69.8625;202.42776;-999.99
Guyane2012;2012-06-02T22:27;4.4973454;-51.94008;202.82;4.0423384
Guyane2012;2012-06-02T22:27;4.4973454;-51.94008;202.82;4.0423384
Guyane_radiale;2015-03-24T16:20;4.98623;-52.1478;203.75264;1.3064291
Guyane_radiale;2015-03-24T16:20;4.98623;-52.1478;203.75264;1.3064291
Moore_gulf_of_maine;2005-05-11T16:00;43.57083;-70.059;206.8549;-999.99
Moore_gulf_of_maine;2005-05-11T16:00;43.57083;-70.059;206.8549;-999.99
Moore_gulf_of_maine;2005-05-10T15:15;42.88767;-70.142334;207.95378;-999.99
Moore_gulf_of_maine;2005-05-10T15:15;42.88767;-70.142334;207.95378;-999.99
VITEL2013;2013-07-06T03:45;20.898;106.977;208.24;0.555
VITEL2013;2013-07-06T03:45;20.898;106.977;208.24;0.555
ambleteuse;2005-03-14T17:34;50.8;1.593;209.45627;-999.99
ambleteuse;2005-03-14T17:34;50.8;1.593;209.45627;-999.99
ambleteuse;2007-04-17T06:59;50.8;1.567;210.33333;-999.99
ambleteuse;2007-04-17T06:59;50.8;1.567;210.33333;-999.99
Moore_gulf_of_maine;2005-02-17T15:45;43.570168;-70.058334;212.49126;-999
Moore_gulf_of_maine;2005-02-17T15:45;43.570168;-70.058334;212.49126;-999
Guyane_radiale;2015-07-10T11:30;4.8901;-52.2235;213.34561;1.12847
Guyane_radiale;2015-07-10T11:30;4.8901;-52.2235;213.34561;1.12847
Guyane_radiale;2015-01-16T11:40;4.8901;-52.2235;213.41096;1.45089
Guyane_radiale;2015-01-16T11:40;4.8901;-52.2235;213.41096;1.45089
ambleteuse;2005-05-26T00:00;50.8;1.593;213.88889;-999.99
ambleteuse;2005-05-26T00:00;50.8;1.593;213.88889;-999.99
ambleteuse;2007-04-11T07:08;50.8;1.567;215.16667;-999.99
ambleteuse;2007-04-11T07:08;50.8;1.567;215.16667;-999.99
Guyane_radiale;2014-09-17T12:05;4.94257;-52.1823;215.39098;0.14446092
Guyane_radiale;2014-09-17T12:05;4.94257;-52.1823;215.39098;0.14446092
ambleteuse;2007-04-02T06:45;50.8;1.567;216.25;-999.99
ambleteuse;2007-04-02T06:45;50.8;1.567;216.25;-999.99
Guyane2012;2012-06-02T23:01;4.4258924;-51.931488;218.09;3.9161205
Guyane2012;2012-06-02T23:01;4.4258924;-51.931488;218.09;3.9161205
VITEL2013;2013-07-06T07:20;20.8589;106.756;219.45;0.9051
VITEL2013;2013-07-06T07:20;20.8589;106.756;219.45;0.9051
Moore_gulf_of_maine;2007-07-19T15:45;43.5674;-70.05953;220.20923;-999.99
Moore_gulf_of_maine;2007-07-19T15:45;43.5674;-70.05953;220.20923;-999.99
VITEL2013;2013-07-06T02:20;20.8762;107.068;225.02;0.5711
VITEL2013;2013-07-06T02:20;20.8762;107.068;225.02;0.5711
Moore_gulf_of_maine;2005-02-14T15:55;42.994667;-70.423;225.25648;0.472193
Moore_gulf_of_maine;2005-02-14T15:55;42.994667;-70.423;225.25648;0.472193
Moore_gulf_of_maine;2007-06-18T16:05;42.889465;-70.143616;226.14214;-999.99
Moore_gulf_of_maine;2007-06-18T16:05;42.889465;-70.143616;226.14214;-999.99
Guyane_radiale;2015-08-25T10:10;4.84763;-52.2573;226.57188;2.549306
Guyane_radiale;2015-08-25T10:10;4.84763;-52.2573;226.57188;2.549306
Black_Carbon2012;2012-10-17T03:30;20.8941;107.1723;226.82;0.1508
Black_Carbon2012;2012-10-17T03:30;20.8941;107.1723;226.82;0.1508
Black_Carbon2012;2012-10-17T02:09;20.9317;107.1758;227.82;0.1572
Black_Carbon2012;2012-10-17T02:09;20.9317;107.1758;227.82;0.1572
Guyane2012;2012-06-05T20:27;4.83705;-52.289185;228.13;4.0484486
Guyane2012;2012-06-05T20:27;4.83705;-52.289185;228.13;4.0484486
Guyane2012;2012-06-04T15:10;4.2321515;-51.62443;228.95;-999.99
Guyane2012;2012-06-04T15:10;4.2321515;-51.62443;228.95;-999.99
VITEL2013;2013-07-05T06:30;20.8144;106.9;228.98;0.8659
VITEL2013;2013-07-05T06:30;20.8144;106.9;228.98;0.8659
ambleteuse;2005-03-22T00:00;50.8;1.593;229.43262;-999.99
ambleteuse;2005-03-22T00:00;50.8;1.593;229.43262;-999.99
ambleteuse;2007-04-12T07:35;50.8;1.567;231.08333;-999.99
ambleteuse;2007-04-12T07:35;50.8;1.567;231.08333;-999.99
Guyane_radiale;2014-08-20T11:00;4.8901;-52.2235;232.52502;1.86543
Guyane_radiale;2014-08-20T11:00;4.8901;-52.2235;232.52502;1.86543
Moore_gulf_of_maine;2007-03-21T20:05;43.75707;-69.78222;232.55804;-999.99
Moore_gulf_of_maine;2007-03-21T20:05;43.75707;-69.78222;232.55804;-999.99
Moore_gulf_of_maine;2006-10-25T12:55;42.994816;-70.4208;234.37259;-999
Moore_gulf_of_maine;2006-10-25T12:55;42.994816;-70.4208;234.37259;-999
Moore_gulf_of_maine;2007-06-19T12:45;43.179516;-70.42895;241.99399;-999.99
Moore_gulf_of_maine;2007-06-19T12:45;43.179516;-70.42895;241.99399;-999.99
ambleteuse;2007-03-30T06:35;50.8;1.567;242.83333;-999.99
ambleteuse;2007-03-30T06:35;50.8;1.567;242.83333;-999.99
VITEL2013;2013-07-05T08:10;20.856;106.92;243.03;0.6218
VITEL2013;2013-07-05T08:10;20.856;106.92;243.03;0.6218
ambleteuse;2005-04-25T10:37;50.8;1.593;246.513;-999.99
ambleteuse;2005-04-25T10:37;50.8;1.593;246.513;-999.99
ambleteuse;2005-03-14T16:42;50.8;1.463;251.59575;-999.99
ambleteuse;2005-03-14T16:42;50.8;1.463;251.59575;-999.99
Guyane2012;2012-06-05T21:27;4.752404;-52.322765;253.38;3.6643457
Guyane2012;2012-06-05T21:27;4.752404;-52.322765;253.38;3.6643457
ambleteuse;2007-04-16T06:46;50.8;1.567;256.58334;-999.99
ambleteuse;2007-04-16T06:46;50.8;1.567;256.58334;-999.99
Moore_gulf_of_maine;2006-05-08T19:10;42.860535;-69.86;257.02856;-999.99
Moore_gulf_of_maine;2006-05-08T19:10;42.860535;-69.86;257.02856;-999.99
VITEL2013;2013-07-05T03:10;20.7226;106.969;257.05;0.3984
VITEL2013;2013-07-05T03:10;20.7226;106.969;257.05;0.3984
Moore_gulf_of_maine;2007-07-17T12:05;43.030632;-70.56865;257.55554;-999.99
Moore_gulf_of_maine;2007-07-17T12:05;43.030632;-70.56865;257.55554;-999.99
Guyane_radiale;2014-07-22T12:40;4.8901;-52.2235;262.01624;1.7712164
Guyane_radiale;2014-07-22T12:40;4.8901;-52.2235;262.01624;1.7712164
Moore_gulf_of_maine;2005-04-19T17:10;43.586666;-69.65317;262.97543;2.122932
Moore_gulf_of_maine;2005-04-19T17:10;43.586666;-69.65317;262.97543;2.122932
ambleteuse;2005-04-01T10:28;50.8;1.463;263.9598;-999.99
ambleteuse;2005-04-01T10:28;50.8;1.463;263.9598;-999.99
ambleteuse;2005-03-22T15:56;50.8;1.538;264.3026;-999.99
ambleteuse;2005-03-22T15:56;50.8;1.538;264.3026;-999.99
ambleteuse;2006-04-26T06:24;50.8;1.567;265.57407;-999.99
ambleteuse;2006-04-26T06:24;50.8;1.567;265.57407;-999.99
ambleteuse;2006-04-20T08:36;50.8;1.567;265.97684;-999.99
ambleteuse;2006-04-20T08:36;50.8;1.567;265.97684;-999.99
Guyane_radiale;2015-01-16T11:20;4.84763;-52.2573;270.9296;3.4105337
Guyane_radiale;2015-01-16T11:20;4.84763;-52.2573;270.9296;3.4105337
Guyane_radiale;2015-03-24T15:45;5.029;-52.1153;272.20386;0.7537091
Guyane_radiale;2015-03-24T15:45;5.029;-52.1153;272.20386;0.7537091
Moore_gulf_of_maine;2006-09-15T14:20;43.37855;-70.24842;273.10297;0.80743
Moore_gulf_of_maine;2006-09-15T14:20;43.37855;-70.24842;273.10297;0.80743
ambleteuse;2005-04-11T10:08;50.8;1.463;273.28604;-999.99
ambleteuse;2005-04-11T10:08;50.8;1.463;273.28604;-999.99
Guyane_radiale;2015-07-10T11:00;4.84763;-52.2573;273.57614;3.10905
Guyane_radiale;2015-07-10T11:00;4.84763;-52.2573;273.57614;3.10905
ambleteuse;2007-04-23T08:28;50.8;1.567;274.25;-999.99
ambleteuse;2007-04-23T08:28;50.8;1.567;274.25;-999.99
Moore_gulf_of_maine;2004-08-16T20:05;42.9945;-70.4226;277.44608;0.901672
Moore_gulf_of_maine;2004-08-16T20:05;42.9945;-70.4226;277.44608;0.901672
Black_Carbon2013;2013-05-18T07:26;20.9657;107.0654;277.53;0.4791378
Black_Carbon2013;2013-05-18T07:26;20.9657;107.0654;277.53;0.4791378
Moore_gulf_of_maine;2006-10-25T14:03;43.030834;-70.5697;280.31064;1.207718
Moore_gulf_of_maine;2006-10-25T14:03;43.030834;-70.5697;280.31064;1.207718
Dyphyma;2012-04-21T06:22;50.9329;1.12053;282.43332;0.1134
Dyphyma;2012-04-21T06:22;50.9329;1.12053;282.43332;0.1134
ambleteuse;2007-05-21T08:31;50.8;1.567;284.41666;-999.99
ambleteuse;2007-05-21T08:31;50.8;1.567;284.41666;-999.99
ambleteuse;2006-04-20T08:52;50.8;1.593;285.3426;-999.99
ambleteuse;2006-04-20T08:52;50.8;1.593;285.3426;-999.99
VITEL2013;2013-07-06T06:35;20.8252;106.828;286.53;0.509
VITEL2013;2013-07-06T06:35;20.8252;106.828;286.53;0.509
ambleteuse;2005-04-01T11:12;50.8;1.538;286.5721;-999.99
ambleteuse;2005-04-01T11:12;50.8;1.538;286.5721;-999.99
Guyane2012;2012-06-04T13:24;4.0397315;-51.673;286.9;-999.99
Guyane2012;2012-06-04T13:24;4.0397315;-51.673;286.9;-999.99
Moore_gulf_of_maine;2007-02-22T21:00;43.05385;-70.65767;287.14005;-999.99
Moore_gulf_of_maine;2007-02-22T21:00;43.05385;-70.65767;287.14005;-999.99
Moore_gulf_of_maine;2005-04-19T13:01;43.18017;-70.4255;291.93365;0.834608
Moore_gulf_of_maine;2005-04-19T13:01;43.18017;-70.4255;291.93365;0.834608
Moore_gulf_of_maine;2006-08-14T15:45;42.93995;-70.29308;292.62;-999.99
Moore_gulf_of_maine;2006-08-14T15:45;42.93995;-70.29308;292.62;-999.99
Moore_gulf_of_maine;2006-10-10T18:00;43.754467;-69.781364;293.06577;0.209486
Moore_gulf_of_maine;2006-10-10T18:00;43.754467;-69.781364;293.06577;0.209486
Moore_gulf_of_maine;2007-05-23T17:30;42.863567;-69.859116;296.28497;-999.99
Moore_gulf_of_maine;2007-05-23T17:30;42.863567;-69.859116;296.28497;-999.99
ambleteuse;2007-05-25T12:01;50.8;1.567;313.25;-999.99
ambleteuse;2007-05-25T12:01;50.8;1.567;313.25;-999.99
Moore_gulf_of_maine;2006-10-10T17:20;43.70075;-69.78232;314.03558;0.326191
Moore_gulf_of_maine;2006-10-10T17:20;43.70075;-69.78232;314.03558;0.326191
Moore_gulf_of_maine;2007-05-21T14:05;43.38055;-70.246765;316.58524;-999.99
Moore_gulf_of_maine;2007-05-21T14:05;43.38055;-70.246765;316.58524;-999.99
Moore_gulf_of_maine;2006-10-09T19:11;42.861984;-69.85992;325.64157;0.647459
Moore_gulf_of_maine;2006-10-09T19:11;42.861984;-69.85992;325.64157;0.647459
Moore_gulf_of_maine;2006-09-14T14:20;42.9936;-70.421265;328.5879;-999.99
Moore_gulf_of_maine;2006-09-14T14:20;42.9936;-70.421265;328.5879;-999.99
Moore_gulf_of_maine;2006-09-15T15:30;43.56745;-70.05797;331.2047;0.750299
Moore_gulf_of_maine;2006-09-15T15:30;43.56745;-70.05797;331.2047;0.750299
Moore_gulf_of_maine;2006-09-15T19:15;43.880283;-69.801;331.73486;-999
Moore_gulf_of_maine;2006-09-15T19:15;43.880283;-69.801;331.73486;-999
Moore_gulf_of_maine;2006-08-14T14:40;42.99415;-70.42073;340.89807;0.735813
Moore_gulf_of_maine;2006-08-14T14:40;42.99415;-70.42073;340.89807;0.735813
Guyane_radiale;2015-06-12T13:12;5.029;-52.1153;342.97488;0.85211
Guyane_radiale;2015-06-12T13:12;5.029;-52.1153;342.97488;0.85211
Moore_gulf_of_maine;2004-09-08T16:15;42.8135;-70.79017;358.47256;12.869983
Moore_gulf_of_maine;2004-09-08T16:15;42.8135;-70.79017;358.47256;12.869983
ambleteuse;2007-05-22T08:47;50.8;1.567;361.41666;-999.99
ambleteuse;2007-05-22T08:47;50.8;1.567;361.41666;-999.99
Moore_gulf_of_maine;2007-05-23T21:25;43.053917;-70.66;361.4582;-999.99
Moore_gulf_of_maine;2007-05-23T21:25;43.053917;-70.66;361.4582;-999.99
Guyane_radiale;2015-06-12T12:20;4.98623;-52.1478;361.8145;1.49695
Guyane_radiale;2015-06-12T12:20;4.98623;-52.1478;361.8145;1.49695
ambleteuse;2007-05-24T06:08;50.8;1.567;385;-999.99
ambleteuse;2007-05-24T06:08;50.8;1.567;385;-999.99
Guyane_radiale;2015-06-12T11:30;4.84763;-52.2573;385.53555;6.061077
Guyane_radiale;2015-06-12T11:30;4.84763;-52.2573;385.53555;6.061077
Moore_gulf_of_maine;2005-10-18T13:55;43.181168;-70.42667;391.73352;0.836012
Moore_gulf_of_maine;2005-10-18T13:55;43.181168;-70.42667;391.73352;0.836012
ambleteuse;2005-02-25T11:27;50.8;1.567;397.1513;-999.99
ambleteuse;2005-02-25T11:27;50.8;1.567;397.1513;-999.99
Guyane_radiale;2015-03-24T18:26;4.84763;-52.2573;407.17853;8.248927
Guyane_radiale;2015-03-24T18:26;4.84763;-52.2573;407.17853;8.248927
Guyane_radiale;2014-07-22T12:11;4.84763;-52.2573;407.74054;2.4537418
Guyane_radiale;2014-07-22T12:11;4.84763;-52.2573;407.74054;2.4537418
ambleteuse;2007-05-23T09:06;50.8;1.567;410.16666;-999.99
ambleteuse;2007-05-23T09:06;50.8;1.567;410.16666;-999.99
ambleteuse;2007-05-23T09:06;50.8;1.567;410.16666;-999.99
ambleteuse;2007-05-23T09:06;50.8;1.567;410.16666;-999.99
Moore_gulf_of_maine;2005-04-19T15:05;43.568333;-70.05517;413.98856;0.876292
Moore_gulf_of_maine;2005-04-19T15:05;43.568333;-70.05517;413.98856;0.876292
ambleteuse;2007-05-02T07:06;50.8;1.567;416.83334;-999.99
ambleteuse;2007-05-02T07:06;50.8;1.567;416.83334;-999.99
ambleteuse;2007-05-09T06:39;50.8;1.567;423.83334;-999.99
ambleteuse;2007-05-09T06:39;50.8;1.567;423.83334;-999.99
Moore_gulf_of_maine;2005-06-17T17:35;42.86067;-69.861;426.62527;0.829153
Moore_gulf_of_maine;2005-06-17T17:35;42.86067;-69.861;426.62527;0.829153
Moore_gulf_of_maine;2007-05-23T11:50;43.031216;-70.56408;431.42282;-999.99
Moore_gulf_of_maine;2007-05-23T11:50;43.031216;-70.56408;431.42282;-999.99
Moore_gulf_of_maine;2006-07-20T15:20;43.5685;-70.057335;445.2143;-999.99
Moore_gulf_of_maine;2006-07-20T15:20;43.5685;-70.057335;445.2143;-999.99
Moore_gulf_of_maine;2004-08-16T15:25;42.7518;-69.6926;446.70752;0.639486
Moore_gulf_of_maine;2004-08-16T15:25;42.7518;-69.6926;446.70752;0.639486
Moore_gulf_of_maine;2007-06-19T17:45;43.701416;-69.782234;448.4485;-999.99
Moore_gulf_of_maine;2007-06-19T17:45;43.701416;-69.782234;448.4485;-999.99
Radiale_Wimereux_Cote_de_la_M;2004-06-18T00:00;50.8;1.508;449.14117;-999.99
Radiale_Wimereux_Cote_de_la_M;2004-06-18T00:00;50.8;1.508;449.14117;-999.99
Moore_gulf_of_maine;2006-08-14T17:35;42.890568;-70.14132;454.9495;0.984522
Moore_gulf_of_maine;2006-08-14T17:35;42.890568;-70.14132;454.9495;0.984522
Moore_gulf_of_maine;2007-02-21T18:20;43.702667;-69.779335;457.1987;-999
Moore_gulf_of_maine;2007-02-21T18:20;43.702667;-69.779335;457.1987;-999
Moore_gulf_of_maine;2006-07-20T17:17;43.180832;-70.42934;468.39227;0.679187
Moore_gulf_of_maine;2006-07-20T17:17;43.180832;-70.42934;468.39227;0.679187
Moore_gulf_of_maine;2005-04-06T21:30;43.054;-70.659164;474.35907;-999
Moore_gulf_of_maine;2005-04-06T21:30;43.054;-70.659164;474.35907;-999
Moore_gulf_of_maine;2006-09-15T18:35;43.917366;-69.96737;493.8161;0.477013
Moore_gulf_of_maine;2006-09-15T18:35;43.917366;-69.96737;493.8161;0.477013
ambleteuse;2005-05-09T09:52;50.8;1.593;508.74704;-999.99
ambleteuse;2005-05-09T09:52;50.8;1.593;508.74704;-999.99
Moore_gulf_of_maine;2007-06-18T14:40;42.94025;-70.29507;510.58774;-999.99
Moore_gulf_of_maine;2007-06-18T14:40;42.94025;-70.29507;510.58774;-999.99
Moore_gulf_of_maine;2007-06-19T16:00;43.5669;-70.058815;546.85675;-999.99
Moore_gulf_of_maine;2007-06-19T16:00;43.5669;-70.058815;546.85675;-999.99
Guyane_radiale;2014-12-16T10:33;4.84763;-52.2573;564.0772;7.6522408
Guyane_radiale;2014-12-16T10:33;4.84763;-52.2573;564.0772;7.6522408
Moore_gulf_of_maine;2007-05-23T13:10;42.994682;-70.42468;570.9575;-999.99
Moore_gulf_of_maine;2007-05-23T13:10;42.994682;-70.42468;570.9575;-999.99
Moore_gulf_of_maine;2006-05-08T13:00;43.0302;-70.56895;573.10205;-999.99
Moore_gulf_of_maine;2006-05-08T13:00;43.0302;-70.56895;573.10205;-999.99
Moore_gulf_of_maine;2006-08-14T13:10;43.03;-70.56733;577.6378;-999.99
Moore_gulf_of_maine;2006-08-14T13:10;43.03;-70.56733;577.6378;-999.99
Moore_gulf_of_maine;2006-06-28T18:34;43.76445;-69.78498;577.99585;0.659167
Moore_gulf_of_maine;2006-06-28T18:34;43.76445;-69.78498;577.99585;0.659167
Moore_gulf_of_maine;2006-06-28T19:35;43.8801;-69.799164;585.36975;0.747344
Moore_gulf_of_maine;2006-06-28T19:35;43.8801;-69.799164;585.36975;0.747344
Moore_gulf_of_maine;2005-06-17T12:30;43.029835;-70.56817;586.2441;0.593166
Moore_gulf_of_maine;2005-06-17T12:30;43.029835;-70.56817;586.2441;0.593166
Moore_gulf_of_maine;2007-05-21T18:15;43.701916;-69.78063;612.0532;-999.99
Moore_gulf_of_maine;2007-05-21T18:15;43.701916;-69.78063;612.0532;-999.99
Radiale_Wimereux_Cote_de_la_M;2004-02-15T08:51;50.8;1.508;615.7052;-999.99
Radiale_Wimereux_Cote_de_la_M;2004-02-15T08:51;50.8;1.508;615.7052;-999.99
Moore_gulf_of_maine;2007-05-21T16:30;43.566116;-70.06123;642.75116;-999.99
Moore_gulf_of_maine;2007-05-21T16:30;43.566116;-70.06123;642.75116;-999.99
Moore_gulf_of_maine;2007-06-18T21:10;43.0532;-70.657364;668.72577;-999.99
Moore_gulf_of_maine;2007-06-18T21:10;43.0532;-70.657364;668.72577;-999.99
Moore_gulf_of_maine;2005-07-12T16:28;42.889168;-70.14117;705.8546;-999.99
Moore_gulf_of_maine;2005-07-12T16:28;42.889168;-70.14117;705.8546;-999.99
Moore_gulf_of_maine;2007-05-23T16:20;42.88875;-70.13175;731.5494;-999.99
Moore_gulf_of_maine;2007-05-23T16:20;42.88875;-70.13175;731.5494;-999.99
Moore_gulf_of_maine;2007-04-26T18:50;42.861816;-69.8605;781.95544;-999.99
Moore_gulf_of_maine;2007-04-26T18:50;42.861816;-69.8605;781.95544;-999.99
Moore_gulf_of_maine;2005-05-10T14:20;42.939335;-70.29367;820.71814;-999.99
Moore_gulf_of_maine;2005-05-10T14:20;42.939335;-70.29367;820.71814;-999.99
Moore_gulf_of_maine;2006-06-28T13:30;43.18107;-70.42745;857.5735;-999.99
Moore_gulf_of_maine;2006-06-28T13:30;43.18107;-70.42745;857.5735;-999.99
Radiale_Wimereux_Cote_de_la_M;2004-02-15T08:02;50.8;1.538;912.77966;-999.99
Radiale_Wimereux_Cote_de_la_M;2004-02-15T08:02;50.8;1.538;912.77966;-999.99
Moore_gulf_of_maine;2007-05-23T14:35;42.937534;-70.28937;913.71027;-999.99
Moore_gulf_of_maine;2007-05-23T14:35;42.937534;-70.28937;913.71027;-999.99
Moore_gulf_of_maine;2006-05-08T18:00;42.890034;-70.14375;1161.8008;-999.99
Moore_gulf_of_maine;2006-05-08T18:00;42.890034;-70.14375;1161.8008;-999.99
Moore_gulf_of_maine;2007-06-19T14:40;43.378933;-70.24847;1231.2762;-999.99
Moore_gulf_of_maine;2007-06-19T14:40;43.378933;-70.24847;1231.2762;-999.99
Moore_gulf_of_maine;2006-07-20T13:40;43.700333;-69.783;1267.7847;0.369753
Moore_gulf_of_maine;2006-07-20T13:40;43.700333;-69.783;1267.7847;0.369753
Moore_gulf_of_maine;2006-06-28T16:15;43.56785;-70.058784;1274.9557;1.128937
Moore_gulf_of_maine;2006-06-28T16:15;43.56785;-70.058784;1274.9557;1.128937
Moore_gulf_of_maine;2007-05-08T18:02;43.83785;-69.69193;1953.771;-999.99
Moore_gulf_of_maine;2007-05-08T18:02;43.83785;-69.69193;1953.771;-999.99
